seq1,seq2,energy1,energy2
111011100110010111111000010100001001001,111010100010111000110110110111001010000,1910,1910
100110001001010100010100111010010111111,100011101110000110000011110101101101100,1912,1912
101101000111100110011111110100000101000,100101011010011001111101010000110010011,1908,1908
101011011111110010001110001101000100100,100011001101100001110101000101001011111,1908,1908
101110111011100010110111010000001100001,110111100011100100101010010110110000101,1910,1910
100110001101010001110000010010111011111,100100110110000100011111010010110101011,1914,1914
100101101010001101111111000111010000001,111001101010001100010110011101001001011,1908,1908
110010010101100001000100111111100011110,101011011011101100001110001110101001000,1910,1910
111111110010011101010111000001100001000,111000111011010100101110110010100100100,1912,1912
111011110011010010101100001010100010011,100110100011000100111011111000001110110,1908,1908
100001001001010011110111110011001001011,101010101110111100000011101100011010001,1914,1914
110011110101101000010001100110100010111,111110011100010101101110010011010000010,1908,1908
110111001101011011000010101000001101101,111111101000010100111000111001001101000,1912,1912
101011101011100101111001110011000000100,100101110100011011110100000011100101101,1916,1916
111110110111000101001110100000001110100,100111100110101110001011010110110001000,1908,1908
111101000000001101011001101110011110001,110000101010100111110100110011001011010,1914,1914
111111100110101000001010010110011011000,111101110000101011101100001011000101100,1914,1914
101010111011001000000011100110011110101,110100010100001110110110000111011010011,1912,1912
100110111010110111101000100100001110001,110000010001101101101001010101110001111,1912,1912
110111111010000100011001010011010001110,101111000111011010100010111001011000001,1910,1910
111111110110000110001101000100101101000,111010101000110110011110110001101000010,1914,1914
110000000110100101100010011101011101111,101110101100101011001110000111001000101,1908,1908
110000110100100101010000111001101111110,111100000011100101010101100110010011110,1910,1910
111111101011011010001110010011000010000,101010111001111001000100110111000010110,1916,1916
111000101111110010000100010100101110011,110010011111100101010100100101100111000,1908,1908
100001010010111110111100110100010001110,100010110110100011101000110001001111101,1908,1908
111010010111011110001100000010101001101,101110010011110101100100000111100110010,1912,1912
111111110110001000100101100001110101000,110101001101100110101100011111001010000,1908,1908
110101100110001011100010000010110111011,100110100111100000111011110010101101000,1914,1914
110000011100001001010110100011101111101,101001001101001110101000110010001101111,1916,1916
101100000110101010000010110111101110011,110001010001111100111011000010110110010,1912,1912
111101001011100111000100100000101110110,101100011001011001110100001111110101000,1910,1910
110111100101011101011100100010010000011,101000010011111001011101001011000110011,1912,1912
111001010111011100101000010000111001011,100100100100111111010001100111010001110,1912,1912
110111001111000000100011010101011010011,100100100100111111010001100111010001110,1912,1912
111111110001101011011100100010001010000,110011010011010110101110100000111000110,1912,1912
100101011101001001110000100000111011111,111011101010010110011011010000111000100,1910,1910
110010011100010000010110110011110101101,111000101111001000001100111110101010010,1916,1916
111111011001000101000101001110001011010,100000011110111001001110010110110001110,1914,1914
111010011011101110011100101000001010010,110111000010111100101100111000000101110,1910,1910
111111010110100001101100100000110011100,100110010110101100000011111001110101010,1908,1908
100101110111110010010010000100011111010,100100101000111001111010001110110001011,1918,1918
110001001000001011110001110101101101110,111100110100010100110001101111010100001,1908,1908
111011011111010010001011000100011100010,111110100100101011011110001110010001000,1916,1916
111110101010011111100010010010000110001,111101011011001010001110100110011000010,1910,1910
101101101110001011000000011001111011010,100001010111101101100001100111010001011,1908,1908
100010101110010100000101001101100111111,110000011100111001010100100011011011011,1910,1910
111111100110100100001001010101011100100,100011110010011100111100010000101101110,1912,1912
111111101000111010101100010000100110100,111110001110001010010100111011001001001,1910,1910
111111101000111010101100010000100110100,110100111100010011110110100010001101001,1910,1910
110000010011110011111100110101001010100,101011101110100000111110010100100110001,1908,1908
111011011011000001001110010001010100111,100011111010010100011110011000100101011,1912,1912
101000001001101011110111101001100100011,110111010000111101001011001100010100011,1912,1912
110101110111101100100110010100011000010,111010101100001010011011110000001111100,1916,1916
110100001001110111110110100110101000001,110110001010010011100011110001001011101,1914,1914
110011010110110101110010100010000001111,100110000111101110100010111001011010001,1910,1910
111111110101001011001100100010001110000,101101001111000010101110111001101001000,1910,1910
111100101111011010000010100011001101001,101010111110110000110011100100111010000,1912,1912
110010101110110110110011000100001000111,100011100010111111001001010010111100010,1914,1914
100111000000100101100101010111001011111,110001001001101011001110111000001111010,1908,1908
101011001100100011100010010100001111111,101010001011100101100001110111101001001,1914,1914
111010111110100100110011100100000010101,110000101011100011101101101000110010011,1916,1916
110001100111010010001010010000111110111,101000001101110101110100011011000110101,1914,1914
101101010000001011000110011111010011011,101101001100010111110000110001010100111,1912,1912
100001001110100010010000111100111011111,110010101100111101010100100001110110010,1912,1912
111111101001101100000001010111001011000,101100100111001010111000110000101101011,1910,1910
101000010010101101111101000111110011000,100011011111010010011010011101000111000,1916,1916
110010101000111011011011111001001010000,111110000011100111101100010101001000110,1914,1914
101010011110111010001001100000011010111,111011010111011000011010011100110100000,1920,1920
100100111101000000110000110111011110101,111100010010011110111001010100110101000,1910,1910
111000100011100100101000001110111111001,101110100100110101100001010110111011000,1914,1914
111111101100000101010001110001001011100,110110100110001101001010100111111000100,1914,1914
111110101011001110111000010010001010001,100011111101001010010011011100001101001,1914,1914
111111011010001000101001000111101001100,110101000011100011101100010010111110100,1910,1910
101110111011100010111101010010000001100,111000110010110101011000011011000011011,1914,1914
110001010011001011101111011010110000001,111110011100110110001010101101101000000,1910,1910
111111011001110010010101011000000011100,110110000011010011110011010110101000101,1912,1912
110101100111100111110000010100100010011,110111001110010010100010111101001000101,1914,1914
111011110100010000110010010111000101101,101001111100000101011001011100111011000,1910,1910
110100011100111111100101001010000001101,101100001110110010101100010100011101101,1910,1910
111011111011001010011101100000001101000,110010110000101001110101010011100100111,1914,1914
110000001011000010111011110101010110110,100100001011000111110011010011000111011,1916,1916
110000001011000010111011110101010110110,110010001101110110110100000111000111001,1916,1916
110100001000011101111011101010011011000,111100101100101011100110100111010000001,1912,1912
110011011011101010011110110000001000011,110110011010100011111010100101001100001,1910,1910
111011011011110100011101010100100000100,110111100110001011100111100010110100000,1916,1916
101110001101000010100000111111101001011,110011101010001100001110110110101100100,1912,1912
111010110000000101001111000111011100110,111111001001011001101010110001011000010,1914,1914
100100100000110001110101011110100111011,111000000011101011001011100100110101101,1914,1914
111111000011110111100010000100010101100,100111011001001011000101001111010101100,1912,1912
111111011011100001110101100000101000100,110111001000111011011010100011100010010,1916,1916
111011000111110010011010010000001101011,100011011100101010001111101011000110010,1914,1914
111101111100111001000101001011010000001,110101011100110010110000111011000100101,1910,1910
100100010000010101110110101101110001111,101101000101100111110001101011000010011,1910,1910
101110101111011110100010000110101100000,111010010111001001101011100000110011001,1914,1914
111111101101010010010001100010101110000,111011001100001010111110011010011010000,1918,1918
111111011100101101001110010000011001000,110001010101001100011111011010010001011,1912,1912
110011000111110111011000010100100000111,101101000110011010110010010100011111010,1916,1916
110111001101001101110000101000010001111,100101100010101110001011110110100001101,1912,1912
100010111010110111001110111000001000101,111011100010110100001110110100100100011,1912,1912
111010011111110010011010101100001000010,100001100111001110000011010101101101110,1910,1910
100110101011110110111000110011100000100,110000010111001101101111000001010110101,1910,1910
110111011011000010001100010010111110100,101001010111011100001110001111101000100,1912,1912
111010110110100111000000010101110010011,110111000001010010111011001100011100101,1916,1916
111110000001100010001110111111010100100,100101101001110100110000110011010101110,1916,1916
111111111001010010100010011000110110000,110001000101110110010010110101011110001,1910,1910
111110111110100110001101001000110100000,100001110111101000110101000101011011001,1910,1910
100111010010000001110110000110010111111,100101100101011000110011010001111101010,1916,1916
111011110110001001001110001010000011110,111100000101101001010101110011001011001,1912,1912
111110001011110010100011010000001011101,101100011001111011001101000011010101100,1912,1912
100010000001011111100011011100111100110,101011101000110110101101100010101100001,1916,1916
100000010101001100011001001111001111111,101010001110110110110000111001001010110,1914,1914
111011111010100010010110001011000001101,111000001101011011100010101111001001100,1916,1916
111110100001000010110001110101101101100,111001010111010100001111110011001001000,1912,1912
100001100001001010111111010001111101001,110011010110100100011111001110101000100,1914,1914
100000100010100111110110111100010011011,111100101100011011100101000010111010100,1914,1914
111011101010110011111000100001001010001,101010110100100100111110000011001100111,1912,1912
111011101010110011111000100001001010001,111010100100101100110110000111001000111,1912,1912
100101000010001011011001000111111010111,100110010000111100011101110100100101011,1912,1912
100101000110011001010000011100101111111,100001011001010110011110011010001011110,1912,1912
111111111001010000101110001000101011000,101101011001101000100111100010110001101,1916,1916
101010101111111001100101100001011000100,110000101111110011000010011100101100101,1914,1914
101100100000101010011011110101101110001,100001100011101110100111010000100101111,1914,1914
101110111011110010100011110010001000001,101101000101011010100100111001111100001,1914,1914
110001010001000011011110111101100100011,101100000110101011100100111101001001110,1918,1918
110001010001000011011110111101100100011,111001101100101011010000101011101100001,1918,1918
111100010101110011000001100001011010111,110111110000011001100110101010010110010,1912,1912
101000000111011110100110111010111000100,110001100110010111111000010100101100101,1908,1908
111010111011001011110010000100001011100,110001000111010111101000110100100100111,1910,1910
101111001101110000011110010000001010111,111011010110001101001110010011010001010,1916,1916
111001111100001011011000100000101011110,100100110100011111010110001010110011100,1912,1912
111101000001010001001110111111010010100,110100111000100111100100010110010111001,1916,1916
110000010011111101011110100110000101100,110111001010100110101101100000101110001,1914,1914
110010011010110111111000111000000010101,110010111100101010011011110001000110100,1910,1910
110111011110111010000010111001001000010,110111000011100011010110000101110101100,1912,1912
110111011110111010000010111001001000010,110000110100110011100001011110011010101,1912,1912
110101011100011101101101111010000001000,101100000101111000110110110101000111001,1910,1910
111110011111011010000110101100001000100,110110101010100111001110110000001110100,1916,1916
101111101010111100100010110001100000101,101101000011110010111011010001000110011,1908,1908
111111100101001100000010011101011011000,110101010000101101001101100111000011101,1914,1914
100110000100101010000111010110010111111,101001101110110011100000011110011010010,1912,1912
100100101110010011000010100010101111111,110000110101101011100100110001100010111,1910,1910
110111101111000100000011011100000111100,100110010010101001010111010100110100111,1916,1916
110000100100011001110000110111111010101,101101010000110100100111110100110001011,1910,1910
110000100100011001110000110111111010101,111010001011000011001101110100101001011,1910,1910
111011000110001000001111001001101010111,101000011101010110110110011000010111100,1910,1910
101110111011110010011110000110001010000,101101100110001010111110110000011010100,1910,1910
111110101111001110100110010100110000000,111010010110001001100110101110000101011,1908,1908
111110111110001011000000110101100010100,100111011011100010001110010010111010100,1914,1914
100111011011110011101100001110101000000,100101001001011100111110000101011101001,1910,1910
111010001000011000001111011010101100111,110111001010001011001110100001101101001,1908,1908
111101001011101010000110000101001101110,101110001101100010100100111110111000001,1916,1916
111011110110011100001111010000001001010,110110011000111010111000001011010100110,1910,1910
100001101001010001000111011101101110110,110100100010111011110011000010111000011,1910,1910
100111001101111110000111000100000101110,111101110010010110100111010101001000100,1914,1914
100110100111101101110010101010000000111,111001011110100001101101110100110001000,1912,1912
111001011111110001011100111000100100000,101110010100111011101000100010110110100,1914,1914
111110011100100010000110111000001011110,101011010011010110000011100101110110010,1912,1912
101011111011001010010001001010001111100,110010001101001011100011100010001111110,1912,1912
101000010000110111010101101001111111000,101100011000101101100110000111110101001,1914,1914
111001011011001010100010001100001111110,111110000010110111011001110001010010100,1908,1908
110011011011111010001110110000101000010,100001110111001000101101001111010111000,1912,1912
111011011010111110001110010010101000000,100100010111100110000110011001011111010,1914,1914
101111111010100011111001010010001000100,100001100110101001101001100111100011110,1918,1918
100000011100000110101110010101111101110,110110101110110010001101101011000110000,1918,1918
110101101000000001110011110001011101110,111110001011010011011010001100110001010,1912,1912
101011011110001101000110100010000101111,110011111000100011101110010010100010110,1914,1914
101000011100010110010000010111011110111,111010110000100111011001101010110110000,1916,1916
100001100111111010110111000000010100111,111010100101100110101110110001001101000,1916,1916
111111110011110010001000101101001010000,100111011010001011110010011001010100011,1912,1912
100001101111110111001000111010100100001,110001111101000011011010101001001100101,1910,1910
100011111110110110001100010110100001001,100111110000101011101100101110010100010,1916,1916
100101110000101111111011100010010100001,100000111011101001101100101001110010101,1912,1912
111111101011000111001011001000001010100,100111010000111101101101000100111010001,1910,1910
111111011010011010001100000110110001010,110011001110010100011111010110100000101,1914,1914
100001000111101010110110011101110110000,110001111110000010101100101100101110010,1916,1916
100001001011101100001111011110110101000,100010111010100111110000110011011010001,1912,1912
111011111010101101100000011010100011000,100001011111100110010010110010111000110,1916,1916
100001101100000010111010101111011110001,110010010010110111000100110001011110101,1918,1918
101100110100000001110010110111101110001,110001010011000101110010110100010101111,1912,1912
111101011111000101001110001000100100110,101011000001101011110110001101100001011,1912,1912
111100101101101010100000010001111101100,100001011110001101011101000110110011100,1916,1916
111111001110111100100100010110001100000,110101000111001010111010000100101110110,1914,1914
111111100111011010001100001011001001000,101011101101011010001110001101110100000,1912,1912
111111101110010101001001010001110000100,101110110000111100010101110010010010011,1910,1910
111000001101110111110110100100001010100,100110010000111101100001111001101010101,1912,1912
110111001101101010111110100010000100010,110001101011010011100011111000001001101,1916,1916
101110111100111010011100100010101000001,101110010010010111110000101100010100111,1910,1910
100011001111110100110000010100001011111,100111100101001001100011011101001101010,1914,1914
110101001110110110001000101000001111011,110100010111111000101100011000110110100,1910,1910
111010111110110100011011010000011000100,100011101010000111101110110000101001101,1912,1912
100001010110111110000111110111000101000,110101101011011100001100100110111000100,1912,1912
111101111010101001001001000110011100001,101111001000101110111000110110000010110,1914,1914
110001101111100010000000110110101011011,101110001011100011101100110100101000101,1918,1918
111111110100110101100010100010011010000,100010010111011101100011000011110010101,1918,1918
111101100011100110100011000000110101101,101000111111010100010110110001011100100,1914,1914
111001110011011101101101000110100000001,110000101011111100011010001010110011010,1916,1916
100111110100111011010000000011010111010,110011111000110110001101101010100110000,1912,1912
111111110101100011001101001001000101000,100101011010111010001100111110000011100,1918,1918
111111011001010110001110010000010100110,111111001001010101100001110100111000100,1914,1914
101100110100000110110001000011110110111,101110010100011101110101001011000001110,1914,1914
110100111110011010110000100010001101110,100111110000101101101010101110010000011,1912,1912
111111101100010011000001001111000110100,101010111010110010000110110001111010100,1916,1916
111111011001110000000101010110100110100,100011100110010111101000110100111101000,1910,1910
110001010001000110011010010101111110011,111000000111010111011010010110001001101,1912,1912
111100010000110001100100110101011110101,111000000111010111011010010110001001101,1912,1912
111111011100001110100000110010100101100,100110101000110010011111101010000110101,1912,1912
111010100110100010101100010000011111101,111011001011010100001111001100001101100,1912,1912
101011000000101001101101110011111010001,110010011010101011110000100001111011001,1912,1912
101001000011101111011011101000110100001,101100000101010111100100011001111001011,1912,1912
100001010110001100100010101000111111111,110000110011110010101101100100111010010,1920,1920
111110011111000010001010101100001001110,110001011010011001110010101001001001111,1916,1916
100001101010110111011100011110110000010,101100100011001111010001001011011111000,1912,1912
101011101111011100001101000110100001001,101101000101000111111100010011011000110,1916,1916
111111011100000101000101101000110011010,110100100011110110101100001110110010001,1922,1922
111111011100000101000101101000110011010,111000001101101010011000101101100011101,1922,1922
111111101011011001110001010101001000000,101001101100011000111100110111010000101,1914,1914
100110001001000011101001111111001100101,101111101010100000111011010001110010100,1916,1916
111111110100110001011000011000101011000,110110111000001011110010100110010010101,1914,1914
110010101011010111110001110111001000000,111011011000101100001111011000010011010,1914,1914
101011011001101111101000111000100000101,110010011000101101010101100011000011111,1916,1916
101111111010101110010100110010011000000,111110000110100111001110101100101001000,1912,1912
111110101111001010001001100100110000101,101001011100010001110101101000011001111,1910,1910
111010111101110110010100110001101000000,101011100001011011110001001101000100111,1912,1912
101110111000001001000101011011100001111,101110010010101101100001100011110110010,1914,1914
110111100011011111001001010000011000101,111011101010110010010110001111010000100,1908,1908
111000010001011000001111010010110111110,100011001000110111101010100011100110110,1914,1914
111010111101101100010011000111000000011,100011010011111010100010110101100110010,1914,1914
111011101011101100111001010110100000000,111001111000001011010010111011001101000,1914,1914
111011101011101100111001010110100000000,101000101100001111101100010110011100101,1914,1914
110001011000100011010000111001111011101,100101011001001001101111101010000011110,1920,1920
101111001111100101011110010010100001000,110110001100010110100110111110001000101,1916,1916
110000001011100100001101111010111110010,101010011000110110111010110000011100110,1914,1914
111001001100000001010111100111001011011,100100011001111000001110101010110101101,1914,1914
111111011101001001000110011000011010010,100111010001010111110010001101010000111,1914,1914
111110110000001101100011000010011110101,111010001011011010001100011010101110010,1918,1918
111111011000101011001000011000011110010,101011011111000101001100010110111001000,1916,1916
101111101110110111000001010110100100000,101100100111101010011100011000101110001,1916,1916
111110101011011011100011000100101000001,100100110011010011110100010100001110111,1910,1910
110000101001110000010011010101111101101,101011001101100101011000111111000100001,1910,1910
111100011010101001110000001001011011011,100010101111100011011001100001101110010,1918,1918
100111100111001010111111100100000101000,101110000110100011101110010011011010100,1914,1914
101101110010100011110000010010001110111,101101111010001100101110110000110101000,1912,1912
111101000100100000101110101111001110010,100111000101011011110100000110110010011,1914,1914
100100010101101101011111100011100001001,101110111100001011011001101011100010000,1914,1914
110110111000001011000011001010011011101,111000010000111101101100010101110010101,1916,1916
111011011010000010001011000111111000110,101110010100111011101001000011010111000,1914,1914
111011111010101100101011000101001000001,101000011111000110011100010010011011101,1914,1914
111010111110111001001010111000010010000,101001000111100100111110011000100101011,1916,1916
101011111011011010011000001100011001100,100001110010101011111100000011010101101,1920,1920
111011111001101010101100100001011000001,110001101111000010001011011101011000110,1910,1910
100100000011010101110011100101111101100,111010010111110000101100111010100001100,1916,1916
110010111010111111001000111011000010000,110100001100010111011000101100101101011,1914,1914
111001011111101010100110011000100100001,101011111010100001110011001011011000001,1916,1916
100110010000100101000111110010011110111,111101010001001101000111101011100010010,1916,1916
101010111010110111001110100000001100101,110000100100111010110010001111000110111,1912,1912
110101101110001111100100000010010110101,100110010000110101110010011101010001111,1910,1910
111111011101001110010110010000110010000,101010101000011011110001001001110010111,1910,1910
100000000011100011011110110011010101111,101101001111000110101100110101011001000,1916,1916
111110111010110001111101000100010010000,101100000111101011001110011001001011010,1910,1910
101001001110000100001010111111001101101,111010000101101110111000110001011100010,1912,1912
111110001011011111101010010000110010000,110001100011001010110110010001011101011,1916,1916
100101000011111011110111000101000100110,110110011000101011011110001011011000001,1914,1914
110001101100000001010101110110100111101,111110100110000111101010010110001001100,1916,1916
111001011011101011001000000110100011101,100111011100000111010110110011101000010,1914,1914
110011111011100011010110100000101000110,111110100010110001101110101101100010000,1914,1914
100000111011111000110111100110101000010,111010110110001001100100101111100101000,1908,1908
110101011010001110111110110010110000000,111010001101100011001110101111000010010,1914,1914
111011001111000000101010110000101100111,101011011101010000110111001011000011001,1912,1912
111101010011100010100010110000100111110,110110000101110011110100010011001001011,1916,1916
111011111010011010110001001001100010001,110001010101101001110111000000110100111,1912,1912
111111101101001100011000001100110101000,111000001100100111110100010101101011010,1914,1914
110100011100000010010110101110001101111,100001001101110110100111000100110101011,1916,1916
110011010100001001000011111011100011110,101101001110011010101000111111001001000,1908,1908
101101010100111111001111001000010001001,101011100011001011101110000001110100101,1914,1914
111001101101110010101000100001101001011,100001001110110011110010101000001111011,1914,1914
100010011011110011111101000011001010010,100010101001101001110111100010010001111,1916,1916
110110011111110010110000110010101000001,110001010111001011101101000010010111100,1916,1916
111110001110110111101000100001100100010,100001101110110100011000011010110101110,1910,1910
101010101110111100110010000000110110101,101111100010111001011001100011110000100,1916,1916
111010100000001100101111100011110110100,111000111011101001000100111011001010010,1910,1910
111101001111110010100111100100000100010,110110111000101011001101101010001100001,1916,1916
110000100011101101001101110110111100000,110101001100000111011110100010101110010,1910,1910
111001010011011111011100100110000001010,110101000111100101001000110110111100001,1914,1914
101110010101110001000001110001001111110,100101100111011011100000110101101101000,1916,1916
110111101000111111001010011000001000101,101010111100101101001001100111100010001,1910,1910
111111100111101100000100100111001001000,111011100101001010101010110010011100001,1914,1914
100011001000111111011011101000101100001,100001011011010011101010100001001110111,1912,1912
111111011010110011000000100110101110000,111001110110101000001110100110110101000,1916,1916
101011111110101100110001011000011010000,110000101111100101001101000100110111001,1910,1910
111111110001101011101100110000100100000,111000101100010011101010100110101101001,1916,1916
100001010001110110001011111101101100001,110101100010100101101110011011100000101,1910,1910
110111100110101001010000000111011111000,100100101101010101110000011001101100111,1916,1916
111110010100101100001100100010110011101,100001011100101011110011010000010111011,1916,1916
101111101010100110001000110100001110101,110011000011100101101101111000000101110,1920,1920
101110111010110100111110000011000010001,110101010011100100001101011111001001001,1910,1910
110010000001101101111000110111011110000,111010101110110010100101010011110010000,1918,1918
111110101110110100111010011000100010000,111010000011100011001101110100101001011,1910,1910
111111011101000000111001010000110110010,100011110110100100111010011100110001010,1914,1914
110110111001111001110100100110100000001,111111010101001000111001101010011010000,1914,1914
101100111100000001110010101000011011111,111100110100101011001110100010100110010,1918,1918
110000000110100010110110101101011101110,111011000100101110111100011000011101000,1912,1912
101001100100000010111010111001011110110,110001000101011011110011000011110010011,1916,1916
111010101101100110000000101101001111100,100000011011110001010101100101101110011,1918,1918
111110110001110111011100000001001011000,101010011111000110010010011101001011010,1914,1914
101111001110101011011011000000101000101,111100001110001010011001110110001001011,1912,1912
100111110011001111010010100001000101011,111101101010001100100110100111101000001,1912,1912
100101011100000101000110100110010111111,100011011111010100001110010110110001100,1912,1912
111111110110010001110010001011000010100,100100111000011101110010101010011110100,1916,1916
111100111010111101000100000001111011000,101110000110110010100110111011001010010,1918,1918
100111100000000101110010010111100110111,110001001101010110100110010101011111000,1918,1918
101101011111001101000110101010000000111,100110110010101100001101111001110100001,1912,1912
100001110001000110010100100110110111111,101101011110001000111110101010010011000,1916,1916
111100011111011110001000100010110010010,100101001011010101110011001100000101111,1912,1912
101111111010101001110110010010000110000,111000000111100101101010100110110011100,1910,1910
111111110010101110011011000011000010000,101100110000101111001011101010010101001,1912,1912
101011111011011100001101010000101100001,100010011011101110001000111101101000101,1914,1914
110111010111100110101000011010100000011,110110110110101000011101100111000001100,1914,1914
101010110010001000011001101011111010011,101011000111010000111111011000001100101,1916,1916
110001111011100101101110101000100000011,101001011001000110010111101001000111011,1914,1914
100011010001001010010011111101101110001,101110101010000011101101011001111000001,1916,1916
110100010000101001111101111001101010001,111110110011000011011010100100111010000,1918,1918
100111011011001110101000110000100001111,101000001111101011010010011000101011011,1918,1918
111111011000111001001110000010010011010,100011011111000101011100010110101101000,1916,1916
110100100000001111101011100110110111000,111011100110010100101010110010111000001,1912,1912
101000101000100001101110010011101011111,100100011100011011010111100010010011110,1916,1916
111110111000101001010110000010110001101,100011000010101110110010110110010001111,1914,1914
100110010000011000101101011001010111111,101001001101100011101010111100001000111,1914,1914
110111100011001111101110100010100000010,101111001001101010011101000011001110100,1918,1918
100111100111010100111111100100001010000,110110111000100010111001011010001110100,1916,1916
100010100110001101000010101001101111111,101100011000011011011101000011110101001,1912,1912
110100011101001100010000101011010011111,101100101100000111001110110000101011101,1916,1916
111110101011100101110110010100000100001,100110010110101101000001111001100011101,1918,1918
101110001101111110100000110000001101110,111101001101001110001010110011001010010,1916,1916
101100111011110011011000000001110010110,111010001111100110000010110110101010100,1920,1920
101110011110001111001000100001001101101,111101000011010101001110111010100100001,1920,1920
101101010000001100011001110100110110111,110000111011010100001110100010111110100,1914,1914
111101010111111100001100100110100001000,101110001100100011011010111100101000101,1916,1916
100110001010111010111101110010100100100,111001100001010110100011111000001100111,1918,1918
100101001000100010011111000101111101011,100011000010110111110010010011100101011,1912,1912
100011111000110111101011101001001000100,110111110100101001100010101110011100000,1914,1914
100010011011000101000001101011010111111,110101001101000110001111110100100110001,1912,1912
100001001001111010111111010100000111010,110010011001110011011011000010101100011,1918,1918
101011011101111110000010010101010100001,101100011001100101101100000111110011100,1918,1918
100111101011110100011110110010100000001,111010011000100111101010100111100100100,1918,1918
100100000101111100111100101111010010001,110001010001011001110011001010100101111,1912,1912
111011111000100110011000001011001010101,101101000101001110111100110000011110100,1916,1916
111001011111010000000011010011100110110,101000101100101011110100011100011011100,1918,1918
110110010011100100001101000010101111110,100001011111010101001000111000111001101,1912,1912
100100001111100111011110110000101001100,100111010000001111001110101010100101101,1912,1912
100100010010000110110111000101111101110,110011101010100101001111011000111100000,1912,1912
111001101111010010000010011100011001011,111000001101111010110100010101011100100,1916,1916
110011101101110110010110110000101000001,100111110100001101010101101110011100000,1916,1916
110101001111101011001000100001001110011,111100010000111101011101000110110010010,1916,1916
111011111011100011001000110101001000001,110101000111100101101010011011000001101,1914,1914
111101101101110010111010100100001100000,110101010110001100010011011111001000011,1914,1914
111111101010111010010001100010110000100,100100011111011001011000101001011110001,1914,1914
111010011110111011010101000001001110000,100000101111100110101100011001001110110,1916,1916
110101011111001110100101100110000001001,111001000010101110011010010010111000111,1910,1910
101110101011011111010000011000011001001,110101111000100011101100111000001011010,1920,1920
110110111011011100010100000010110111000,100011000011111010000110101101100111010,1920,1920
110100010010000101001111000110110011111,101001000111101010001011011100011101100,1916,1916
100001100001001101001100101111010111110,111010001001100110001111101011000010101,1918,1918
110100000001101010110001001111011101110,110010110010101001110000111111000110010,1918,1918
111111101100000010011010001101010011100,101110110001110101000101101101000011100,1914,1914
111011011111010100011011110000001001000,110100110100111001011100011010100001101,1916,1916
101101101100011101101000000011010001111,101001100010011100111100010010111101010,1914,1914
110010111110111011100000110110001010000,100001100111100100011011010010111101010,1916,1916
110111001010111011001000000011010110011,111100010010111001111100001011001010100,1918,1918
110001101110101110001001010000001101111,101000101101101010011000011001111010011,1914,1914
110001100011101000001001001110111011011,101011001011100100011111010010100001011,1912,1912
100011101111110100011101010000110000110,101001000110111110100100110100011011100,1918,1918
111110111001000000010110110001110110100,110101011100010111011000101001001111000,1918,1918
110001000011001011010011011101111100010,111001010010010101011100111110000001110,1912,1912
100101010101101101011111100011000001001,100110011110110101000001111011000011100,1914,1914
110111010110111001001000000111011000011,101110101010110000111100111001000100101,1918,1918
100000010110001101100111101110010111010,111001010111001001001110111100101000001,1910,1910
111111111010000110100010010101010011000,101100100111110010001100011010011110010,1912,1912
101110111001111011010100000010110011000,101001101101101010000100111100011111000,1918,1918
111111100111010110011001001010001010000,111001001010111110011000010010111100010,1912,1912
101010001011110110111110010010001110000,110001100011011101001000010111101100101,1912,1912
101011101111000111110100100110010000100,100001011111001011000101110011010111000,1912,1912
110111111011001000001101000011010111000,110100001101110111000110100010101101001,1912,1912
111111011010111001000100011100001100100,110111000010010101011110010110110000101,1916,1916
110010101001000000101111110110011100110,100010011110010101110001011000011010111,1918,1918
100001001111011100001111110110011010000,101001110101011100100001110100110101001,1912,1912
111110010000100001001111010111001110100,110101110000001111010101100110110010100,1912,1912
101001110111001111101100000110000101100,111100001100101011010110111010001000101,1918,1918
111001101100100010100010110100001110111,110101100011100000101111101100011001010,1916,1916
110100001001010011010111111011001100001,100111000011101110000010101101110101100,1912,1912
110010101111000010000010110011101100111,100101011101100101110000100011110110010,1910,1910
111101101111010001101110100000100011000,110101110000101100100101111010110010001,1912,1912
111111011001110110000101000101100010100,110001000011011011001111010000110101011,1912,1912
101010111110110111001000011100011000001,100010111100100101011000100111110110010,1914,1914
111111101100100111000101001100001001010,100001100101111010110001001111010001011,1912,1912
101001011100110110000000010111001110111,101010111010100001100111100001101100101,1916,1916
101111010101110110110010000100011100001,100010010110101011001110000010110011111,1920,1920
111010101111101100011101001101000000100,101110100100001011110010011100011010011,1914,1914
100010000100101100110010011111110010111,101110101011000010110011110011101010000,1914,1914
110101000101000010010111101100110111100,111010011011011100001010111100111000000,1912,1912
110101100110111110011001010100000001110,111110100101101000101110011100001100010,1918,1918
111101111100011010010001000111010001001,101011001111010010101000011011101100001,1910,1910
111111011011100100101000101010011000010,111000001100011101110000101101100110101,1914,1914
111111011110100100101010001010011001000,111000001100011101110000101101100110101,1914,1914
111010111011101110001001000101101000001,100101001110011101001101000110111110000,1914,1914
111000001101011111011100110101001000001,101000111011101001001100110111100010100,1920,1920
111101100111000100001010010111000101101,111111001010101001101100111001011000000,1912,1912
111010111010111101001011100110001000000,110100100110111001000011100111110100010,1912,1912
111111011000110111010101000001001010010,101100101100001111100100010110001110011,1914,1914
101100000100110001110000011101110110111,100110101010111101001001001010111100001,1912,1912
110011111100000010010010101011001111001,101010011101100010011010011010111110000,1912,1912
111111111010100100100110000101110001000,101100111010011000111101000110100010110,1914,1914
101100110100001001010000111111100111001,100001010101111001001001011101110001110,1914,1914
111111011110101010001000110001101100000,100110101111000010110111010010011000110,1916,1916
110010101000111111011010111001001010000,110100100010011011110011000010111110001,1912,1912
111011110110110001001111000000101001010,110100110110001110001110111010000100101,1914,1914
111111110110100100011000101100010101000,111101000110110100001101011100011001001,1914,1914
100100001100011110110110111101000101001,100010110010101001110110001010000111111,1918,1918
111111001101101011101100000011000110000,110110110100001101011100101010100001101,1916,1916
101100001111011011101110011000001001010,110000111001000101011110010100100110111,1910,1910
111100010111011111001100001000100101001,110111100100101011001110100010110100001,1912,1912
111110010101110011000000101001101010110,101001110011001001011110011110000001011,1916,1916
110111011100000010010100111000101111100,100101111011001010001010011101001111000,1914,1914
111111101101001100111010100000011010000,110011001011000011101010110001001101011,1916,1916
110111111001011101000100001110010001010,111111000100100111001110010100010110100,1912,1912
101010101111110110011000010010010110001,101101000011101110001011001100000111110,1910,1910
101010111111001011010111000100001001100,110000110001001101110101101001100001111,1914,1914
110100111100111001010000000101110110011,111011000011011011101100001010101101000,1910,1910
110100111100111001010000000101110110011,101011000110110010011110111000001011010,1910,1910
101000011000101011101001111111010010001,110100010001101111001101000011110101100,1910,1910
100000011010101111000111110110100101100,100010011100110011110000101011101110100,1918,1918
101011001101101111100000110000001100111,101101011011100010001111010100010110010,1916,1916
111111110110010101000001101001010110000,110001100101110010101110110000100110011,1916,1916
110111010011111011000110010100000101010,111100110000001111011011010100011011000,1914,1914
110110011000111010111111100010100100000,111011000011010111110001010010101100100,1916,1916
101000000101001111110010011101111001100,100110110100101111000011100111010101000,1912,1912
110001001110010110011110111110100000010,101110111000100010111001011010001110100,1916,1916
110011101101101011001111101000100100000,111100011000010111010100111110001001010,1914,1914
110111111011100110001010100001101100000,101000101110010110001110010010111110100,1916,1916
111110011010000000101110001101011110010,110011010010001111110011001001010101001,1912,1912
110111010100111101101110100010110000000,110010001101011010111000110000101100111,1920,1920
111101110011010010100010101000011100101,111110000100110111011000100001110110100,1920,1920
111100111110100010000010110110001001110,101100010111101010001010010110011110001,1916,1916
110001101111011110101000101000001101100,101110010111001011001010000110111110000,1916,1916
110101000110100100010011000111010111110,101000111010010011110011101000000110111,1916,1916
101110110110100001100001000101111110001,100010101100101101110010101000011001111,1908,1908
100010011000111110111100111010000010110,100001101111010100001010110010111001101,1916,1916
101000111111100111101000100001001011100,110100010010111001111001001110010010101,1912,1912
111111110100011100010001010010101100100,100001100010111001101001010011001011111,1912,1912
110100100011110101111101001110010001000,110101000011100110101110110010010000111,1916,1916
111011011100110110000000111000101011010,101101000011010111110001010011000011011,1920,1920
100000100101111110110011110001010110010,110101001100100110001110111000001111010,1910,1910
101111111000110010011100100000101010110,101000100101100111110010011100010100111,1912,1912
101110111110101100100100001010111000001,110111000111100001001110110010100011010,1910,1910
100100011010111011001111001111010000001,101111001101101010001010001111011010000,1914,1914
111101001110011111001100010000100101001,110100101111100010100010110111001000101,1918,1918
100010010100100111010001111011110111000,110011000011110100101110101000100100111,1912,1912
111111101011100011000001010010111001000,110110101110001001100100101110111000010,1916,1916
111111101011000001100110100000110101100,101011001010100110011100111110000010110,1916,1916
101000100100010110100100011100111111011,100100001110110101110001011100010010111,1912,1912
100100100110001111010011101111110000010,100010111011100101010000110101100111100,1912,1912
111011100111010100001000010110110100110,110000011100101110110100111000001011101,1912,1912
100100101110110000101000010011010111111,101100110010101100011111100010100011100,1910,1910
101001010111000011001000010011011110111,101111101000101000110110010111001110000,1918,1918
110111110011110101011001010010110000000,101010001100100111111000011001101011100,1916,1916
111110011101110001000100100111000010110,111000101101101010110000010101111100100,1914,1914
101110111100001001010110000010110011011,100011001011011010101011000000111110011,1912,1912
101110111110001011111001001010000011000,101001100111000100101011110110100100011,1914,1914
100010111101111001110101001001100100010,110100111000001011110110000011010110011,1912,1912
111111010111000001011001100000110011010,111100010000110111010101100011011010010,1914,1914
110011111001101011001000000011101010110,101100011011100111100100000111101010100,1916,1916
110010111001100111011110010111100000000,101000101100010110101110110100001101011,1918,1918
100101110100000001100011110011001101111,110100101010001011110011000010111011010,1918,1918
110011100111011011100010110000000101101,110101000010101100101110110010110000111,1914,1914
110000011111011110110100101010100001100,100010010111011101000011000110110010111,1910,1910
100110011100010110010000101001010111111,111100111100101011001000101110110100000,1918,1918
111000110101000010100010110110001101111,101000110100111101100100000111010110011,1916,1916
111111010110001000011100000110110101100,111011011000001111011010101000101001100,1912,1912
111000100100101010010000111011101110011,110011101000001011011011001111000010101,1916,1916
100110000011010000111111011110101000101,110111100110010101101000111010110000100,1914,1914
101000000010100111110000101111101110011,101001101101100110101000111001011000110,1918,1918
110111101110000000011010001111001010110,111001101100101110101000011101011000100,1914,1914
100010100100101010110111110111000011100,111110110000011101001101011000110010001,1914,1914
101011010101010000010011001100111100111,111111000010000111011011010010011101000,1918,1918
111011111010001010110001001001000111100,111001100100101111101000010100011110100,1916,1916
101100010000011100011101110110110110010,110101001110101100001011110110110000001,1916,1916
111011101110011100101100100010011000001,101000011010111111000001101011001011010,1916,1916
111111110011101000001010010101100100100,101101011110001100011101100100011101000,1918,1918
101000110111101011110010010000010001111,111000110111000010100110110110001101010,1914,1914
101001111101110001010000011001001011110,110110110010001110010101100111000001011,1912,1912
110011011111001110101000000010111001010,110011011010011100011010011110100000101,1912,1912
111110111110101000110101100001001100000,111010001100111110100100011010011010100,1912,1912
101111100100011001110000010100101001111,111000001011101011011001101000110010101,1914,1914
110111001101010110100000100001101111100,100001101001101010100111010000111111001,1914,1914
101000100000011011110011111010011010011,100110010101101011011100000111011100010,1914,1914
100110100000111001010000101011011011111,110011010111000000110111010100110110001,1916,1916
110001000101001100000111101001011111011,101001000111001011110110010001011001110,1916,1916
110010010011010101001111011110111000000,111000001100111011101000011101011010010,1914,1914
101100000100011101010011101101110111000,111100000101111010110010011000011010110,1914,1914
111111101101001110000001100110100100010,111010101001100010011110100111100010100,1912,1912
101101110101000011110000100001100110111,101001111101000011100110110101011001000,1914,1914
111100100111111010110000110000101000101,110001000111001101101000011010101101110,1914,1914
110001110111101001001100000000111110101,110110101000101001110100101110010011100,1914,1914
111100010101100011010000000111101110110,110001001101101110010100110100001110101,1914,1914
110001110110011110101101011100000000101,110100110100110111000001010110111011000,1914,1914
100110101111110010011000000010101110110,110100011100111001010110100111000001101,1916,1916
100011110010111011110100100010000010111,110110001001101011001010100111000100111,1920,1920
111010100110001011000000011110111010110,100110010011110101110001100001011110100,1914,1914
111010101011011011010111100110010000000,111000001101011100110000101101110110001,1912,1912
110110010111111000000100100011100011110,100111101010100110011001111010001010010,1916,1916
111110101110110001100001010011010000101,111011011000101110001011110011000010010,1912,1912
100011001101010000010010111001011111101,110000111101100011010000101110101110100,1916,1916
110111100111110100101100010110010000001,101001011101010000100111011100110100011,1912,1912
110000100000101011110011101110110001011,100110110100011001111100101010000110110,1920,1920
111101000011001000001111001010001111110,111001101110010010011010111000101001010,1916,1916
111110101110111000101100011001001000001,111101000110001111011001010100101001001,1916,1916
110001011111101110101000011100101000001,110111100101011010000110011101100100100,1914,1914
111011010011100111110000001000101010011,110111000010111101001100010100110101100,1914,1914
111010111100110110111010100001001100000,110101100110000110101001111010000100111,1914,1914
101010111111100110100001001010001101100,111000110011010010111010000100111111000,1912,1912
111111100011101101101010010100010001000,110011110000010011011101001110001011010,1916,1916
111110110111010110000100010011001110000,101110100100011011111000101011000010110,1914,1914
111111011011010111000110100011010000000,101101100001100101011111000110011001010,1916,1916
100011011111000100000010110010110110111,111011000100101010101110011000011110100,1918,1918
101000100110001010010010110111111010011,100000010110111010100110001111000111011,1916,1916
101010101101111110011000111000000110100,101000110010011101011011011000010001111,1914,1914
101011011101100011101010100000001100111,100001001111100010110010011110011010110,1912,1912
111111011101001000010110000101110001100,101000100101001110100110111000101001111,1916,1916
111111101100001111000101000100011010010,111101101010101100001101110011001001000,1916,1916
101011010100110001011000000011111011011,111111001010100011001110001110100100100,1912,1912
111110101110101001110010011001000000101,111101010001101100001101101011000011100,1914,1914
100111100011111100101101011100110000000,111011001001001110011010100101010100011,1912,1912
110010101101110111100000101000001100111,111011001110001101011001010110110000010,1914,1914
101101111000101011010001000001011110011,100010011011101011001000010110111000111,1912,1912
101101111000101011010001000001011110011,110111001110100010011111001011001010000,1912,1912
110011111101010111000000100100101111000,100111101001100011101010011101101000100,1916,1916
111100101111101110001000010100110100001,111011001100001110111010010110001001010,1914,1914
111100101111101110001000010100110100001,101001000100111010101100111000011011101,1914,1914
110011111001000010100110010100010101111,111000101100011110100110110100001001110,1914,1914
110010010011100000001111011110110111000,100110101010011101001110000010110111010,1918,1918
111111110011010110010001101010000011000,101110010010101011110000111001001001011,1918,1918
111001001111011110100010000101000110011,100110011010100011110100100101000111110,1914,1914
110011101111010010100010010001011100011,100010101100101001110110010010000111111,1918,1918
110001111010011101111010011010100000100,100111100110110010101000010111011110000,1914,1914
111010101111001011011000010010001001101,101110001010110001110010111001000001111,1920,1920
100000010010101001101001111001110111011,111111000001101100101110001100101001010,1910,1910
111110111011100010100000011101100100001,110011001011000101011001011010110100011,1918,1918
100001000100010101101001110101110011111,111001101101010011000010111110001001001,1916,1916
101011010111001101010100010010000011111,111100001100001111011000100110101100110,1916,1916
111111111000110010111010001000100101000,110011011110000111001001011010110001010,1920,1920
101111101110000111101011000010001000101,111010000101110010100110111000101101100,1918,1918
111111011011000010001101010100000111100,100001011111001100101010011100101001101,1918,1918
101101010000000101110001101011011001111,111110001001101011110001100010101100100,1910,1910
100110101110101101110000101000001001111,101101001100110011111000010001011110010,1914,1914
100101010001000001110110001101101101111,111010010001101111001101000011100010101,1912,1912
111001011011101110100110101000000110001,111100010011001111011010000010111001010,1918,1918
110111101111000111000110110000001010100,110101010010011001111010000010111100110,1914,1914
110010010010111011111100110001101010000,101010110000011111101001011000110001011,1910,1910
111111011010011000000011010011101010100,111001100110111010100000111101001011000,1912,1912
111100010111000000001011101100111010110,110100101100011111010100100010110011100,1916,1916
111010111000101011010000001001101111001,100110100110101111010001100010011111000,1916,1916
100100100110101000011001000110101111111,110101100001110100111001000101011111000,1914,1914
111111101101000100001001110001011100010,101100010110111000100111101011000101100,1918,1918
111110100011000010011001001010111010110,110000111110111000001101110010110101000,1916,1916
111111111100011000010110010001011010000,101011101000110110011010110011100010100,1916,1916
111111101100111000010110000101010100100,111011000011000111101010110110010001001,1914,1914
110101010001001000110001101011110100111,111111001000011011110010110010001011000,1914,1914
101101001100000100010110101111101100011,110011001110101011100000111101101000010,1916,1916
111111101100010100011101000000110101100,101100100101011011011100011000101111000,1914,1914
110011101100001010000110110000101111101,100001010101100110110010010100011110111,1922,1922
101001001111110110101100110000101000011,110111101000100010111000111101100010100,1914,1914
101111110111000010010110100100000111010,110000101011001100101110000110110011101,1918,1918
111010011100111011001111101001000000010,100101100011110010000111101100110101010,1914,1914
111111101100011101011000101100000010100,110110101010011011000010110011101110000,1908,1908
111111100110000100010010011101010110100,110101000111011010001110100100001111100,1916,1916
110001100011010110110011111101010100000,101000101100101101110010111000000110111,1916,1916
111110010010001110001100000011110101011,110010101000011011100101100101001101101,1912,1912
111010111110101100100011000111000000101,111111001001101001010101100111000100100,1912,1912
111001111110101111000000101011001001000,100100110101110001011100101001111011000,1914,1914
110011010010100111101111010101110000000,110110011011101010011000011010111100000,1914,1914
110110101110000011010010100010001111101,101111000001101110110010100100011100110,1914,1914
100000010010110111111000110101110110001,111011000011110010001100101110101010010,1916,1916
111011111000111010100110000001010110100,111010010011010011001110110000101000111,1914,1914
111111110100110100000011001110001010100,101100100110001111100100011101011010100,1912,1912
111111101100100010100100001111000110010,101010010001100111101000101101100011110,1914,1914
101010101111111001001101110000110000100,111001000110101101011001110000011001011,1912,1912
101110000001010011101101111001111001000,101111010001011010010111001101000100011,1912,1912
110001111111001010110111010100000101000,110100001110110011110010100001101100110,1920,1920
111111011110011000100100001010111100000,100111000110101011101000100110010110110,1918,1918
101011111110101001100100001110001010001,110110010110001101010011011011110000001,1914,1914
100100000011100011001110110111010101110,111010000101101110011010110000011010011,1916,1916
101001101011110101110001000100000110111,111001011100000011110110010110011010100,1914,1914
101111001100100110010100000111000110111,111100001001001011110010101010110001011,1916,1916
111010101111010011110100010001001001001,111110111000011001110010101110010010000,1916,1916
100111010011110111000010011000000101111,101010111010110110000110100111011000100,1918,1918
111111011100001001010010100010101111000,110110111100100010111000111011000100100,1920,1920
111111110011100010101101001000001101000,101010110110001101100100001110110111000,1916,1916
111111011100010100010110100001010011010,110010100111000111111000010011011100100,1918,1918
100100111000010100010111111100111101000,100101011100011001110110100010010011110,1914,1914
110100000110001100100101010011110101111,111010001100011011101100101100101000011,1910,1910
111111011110100001100100010100111000100,101001101100011010011010111000001010111,1914,1914
111100011100111011010000000010111010011,100111010001101010011010101101101100001,1916,1916
110010111101010110000000110011001011011,101111011000001111001110010110010001010,1912,1912
111111111001100100101100100011000101000,110001101010101101101000010011110100011,1918,1918
101010111011100111101000000001101011001,100011110010101101000001110110110010011,1916,1916
101111101011100111100010111001000010000,101101000100011110101000110110001101101,1914,1914
101010101110111011011000010001000110101,101101001100001111110001001001110000111,1924,1924
111010000111001101101111101011000100000,110111011010100011001010011010111100000,1912,1912
110110001011111111001010100010001100010,100101000101101001110010011100001101111,1912,1912
100010100001101100111010110111110010010,111100111000100011111100100101010010001,1920,1920
111101011011100110101000101000100101001,111111000010011110001111001100100010010,1924,1924
111010100000001101001111011001111100100,111101010000011100111001010110010011010,1914,1914
110000111111011011011000100010001010110,101010010100110011110001100001111110010,1918,1918
111111111010011000001101000011101001000,100110101010011001110001001011110011010,1916,1916
111110000000011010001110011101101101010,100100010110001111011010100010110110011,1916,1916
111011111100100010100000011101011011000,100111000101110010010111101100010100110,1914,1914
111101100011101111001001010000100100011,101110101100000110101100111010001011100,1912,1912
111011111010101011011001000010110000100,100101111000100101110011110001000100111,1916,1916
111010000011000010101100110010101111011,101000110010110110110001111000100010111,1918,1918
101110101110101111001000110011000000101,111000110100100011110100110100001011101,1914,1914
111110101110111000110101101010000001000,110010010011100100101111100010110001110,1916,1916
100010010001001001011001110110001111111,111000111000101011110100100010101100101,1916,1916
111011001001000010001110101101011111000,101110111010000011001110110100001110100,1912,1912
111101110100001001000011101010010111001,101011000011101100011011110010010001011,1920,1920
111111011110011001011010100010011000000,110010100111100010100010111101011001001,1916,1916
110000101111101111011000101000001100110,101111000011100110001010101101110100100,1910,1910
110101000000101101001001100101110111011,110000011100010110011100111001001010111,1918,1918
111000101000001011001001110101101011110,111100100010001111011011000010111011000,1914,1914
111010011001110000000010111100110111100,101111001000101010011111001011001010100,1914,1914
101111001111100110100011010100000101001,110100101111010000001110101110110001100,1914,1914
101110111110001110011001100010100000101,100100110110001010111100001010010111110,1914,1914
100011111111001100101001010000110001110,110011011000010111110100110000101010110,1912,1912
111010011100010000001111001001011101101,101111010011010100001110011101010001001,1912,1912
101011001111111010011000110000011010010,111100000101011101111000100110011010010,1916,1916
101110111100111011000000000111100110100,110000101101001011100100110011101010101,1920,1920
110001011001010000100011110010111110110,111100100011100101011101011000100100011,1914,1914
111001111011011101000101000110100001001,111010001011000100101111101000110001101,1912,1912
111111001110011010000010101100001101010,110100010011111101000110000110110011010,1916,1916
100101110011010000000011011110011011110,111011010010011101000111100011000101010,1912,1912
111000110001000100001111010110011011011,101110111010100100101101110000111010000,1912,1912
111110001011011010001100010000101011101,100010111100101011001110000111101100100,1914,1914
111111111001001011100100110000100101000,111001000110011110001111010010010101010,1914,1914
111111101101010101000000110100111001000,111100010100111001111001001010011001001,1912,1912
111111110110001011001100101000001101000,101101010001110110001110101100000110101,1914,1914
101110100111101010000000110001101111100,101100100110001111010010001110111010010,1918,1918
111110001000010010001110101011110100110,101100001000111101001011100011010011011,1910,1910
101110011110100110111100000010001010101,101100001000111101001011100011010011011,1910,1910
110111101011110010011001100010000110010,101000100101010111110000010110111100011,1916,1916
101111110010001010000110001110100011101,111011000110010100101010110110110000011,1918,1918
111101011011101101001101100011000000100,101110100100011101011110000011010100011,1916,1916
100010010111110011111001110001000011010,111110101001100010111101001011001000100,1916,1916
111100100000110101000100110011111011010,110000111110101010010000111011001110010,1916,1916
111011101111011010000110100100010110000,111110101010000111101100110001101000100,1916,1916
110110110100001001011100000010111100111,101010011101110010110000110011011100010,1916,1916
111110111010001011110000001010010011100,110001101011011101001100001010111100100,1912,1912
111010111100110110001000000011110110100,111110000011011010101010011000110101100,1916,1916
111101111100100110101000111000001000110,101101000101001111001100100011111010010,1910,1910
111111110110000111100100011010000010100,110110011000101101011100101011100010100,1918,1918
100110110110101011110011100000000011011,101110000101101011101010011001011100001,1914,1914
100000111100100001011101111101101011000,110001011101100110110000110101101010001,1912,1912
111011101111100001101001011000100010001,110111001010010011011000101110101000011,1914,1914
101011101100111111001001101011000010000,100001101010010111110011001000011101011,1916,1916
101011101100111111001001101011000010000,100101111100101010000111101011000011001,1916,1916
111100110011100101100000110001010010111,100100110100101001110111010101000001111,1914,1914
110001010111111010110011100000001100101,100001100110101101101100010010101001111,1916,1916
111010010110111001000001010001110010111,100100110011111010001110001010110111000,1912,1912
100110110010101001010000110001100111111,110001011001001011010101110000001111101,1914,1914
101000011010001001110111101110010111000,100101101100101011000001111111001010001,1916,1916
101001101111011110100011100100000111000,101100100100001111110010100101010111001,1914,1914
110010101011110111010110110000001101000,100101100000101111110010100110011000111,1914,1914
111111111001010100100100011100100010100,101101100010011110100010110100011100011,1912,1912
111111011101000001101001100001011000110,110101001011101000101111001110001000110,1912,1912
111010111011100110100001001010001011100,111100000011101101101101000110100001110,1922,1922
111111111000101101010111000001001001000,101011001011100110001100100111100010101,1914,1914
101101011111001101111000100110010100000,101000110110101011101100000011100111100,1918,1918
111110111110001101110000011010100001000,100100101100111011000101001111010101100,1918,1918
100011101101001011001000100000111011111,110001001111100010100110010100111101010,1910,1910
100001001111001101111110011000100101010,101011011010001100001101101111000001110,1916,1916
111111110101001100110000011010010011000,101100111001111100000101101011010101000,1916,1916
111100100111001010101000010001011011011,100101111110000110001011100110001110100,1918,1918
111111101000001010000101011011011001100,101011000011010011100011011100001101110,1912,1912
100000010010111101100101111100110011010,100101010001110110101110001100001111100,1914,1914
100101010001101001111101111011000010001,111010001001111100001110100100101001110,1914,1914
111101100011010000011010001100101110110,101011111000100011101101001110101000001,1920,1920
111010101101000110000000101111101110001,110010110011101100101101000100111101000,1916,1916
110011010000000011110001110100101111011,110001100110110110001011010100010101110,1922,1922
111111101101010010110001100100001100100,101110101010110001110010110011111000000,1922,1922
111111011110100001001010001011001101000,100110110100101011100010001110011111000,1910,1910
101111101011100010001100110000011010101,100100100011110101110010010110000101111,1914,1914
111111101011011010001100101100000101000,110111101001100111000100111010101100000,1916,1916
101100001010001001001111101011011100110,110011100011110100001011101110110000010,1912,1912
100000010011111101110101100101100010101,110100110110001110010101100111000001011,1918,1918
111010111110110011010110001100100100000,111110000100101011111001100010110101000,1916,1916
100000010100110101110101101110011101001,100001101100000111110111000100101011011,1918,1918
111010111011101000111101001000000011100,110111010001101010010110111100100110000,1912,1912
101101000100000110110000111011110100111,110110011100100010101011110011101000010,1916,1916
111010111110101001101111000110001000000,110100101010010111110000110011101100100,1918,1918
110111100001111110110010000100001100101,111001000110101010111000011011011010100,1914,1914
111111011100101111000001101001000101000,101001111011000010001110101101100110010,1918,1918
111100001100010101101111101110110000000,101010111000101101101001100111010010001,1916,1916
101111010001110110000010000101110110101,110010010011111000101000111010110111000,1916,1916
111111110010101000100100101001100111000,101001010110111000001110011111010001001,1920,1920
111111101100011010101000110000100110100,101001010110111000001110011111010001001,1920,1920
111111011110000101101000101001100000110,111000100111001010101110110100001101100,1918,1918
111110101110101100011100100100010010001,111010000110110011101010011100001001011,1916,1916
100010100101001001111111101001101010001,110011011001100010101111100000101100011,1916,1916
111111011100010100000101100101101000110,110101011001100110000110111100000111010,1916,1916
111010011110110001101000100001010110011,110010110110101010000111110111000001100,1914,1914
101110111010111000100000100101111000101,111110001100100011011010010111001010001,1916,1916
110011111011000010000010101100111101010,110100111011010000101110110000110110001,1916,1916
110110010000001101010100100111100111101,111101100011001010100011110101101100000,1914,1914
111011001011100111101101001000100000011,111000010110101011001000111011000111010,1914,1914
111110000100000100101111011001110101100,110001001110101100101101110000011101010,1916,1916
101101101111011100001111001100100000010,110010000111011101001011100010110010101,1916,1916
111001000001001010001111010100110111011,110000110101111000010101100100111001101,1918,1918
111110101011101001001000001100111010001,100001100111101100001001010110111001011,1914,1914
111110111011100010101001010000110100100,101100111000001111110100100010100111001,1914,1914
110000011001100111010110111110101000001,111100010000111011010101001001011011001,1912,1912
100101011001101111110110000101000100011,101111011000011011010101001111000001100,1912,1912
111111101000110110100010000110100011100,101100100101011111000110010000111011010,1918,1918
111111011001101101011100001010100000100,100100011110100111101000101001110011100,1912,1912
110010101000110111101111100100101010000,111101000011010001101100111100110000101,1916,1916
111110111101110010100100100011101000000,111001001100011110100010100110101110010,1916,1916
111010110010000100001110101011011110100,101111101100000110111000111010001100100,1914,1914
101011101111111000100010010011100001100,101101010011001010011110001001011111000,1920,1920
111011101100101110101100011000001000101,110001110010101100101001011111100000110,1916,1916
111101100101101110101000110000001001110,111100010010111001101000101011011110000,1916,1916
111110111000111011001101000011000001001,111010000101101110001010110001011011010,1918,1918
101111010110111100000101100011000001101,101010011110110010011000111011101000010,1924,1924
100000010010110001010110001110101111111,111110001100011010100110101001101100100,1914,1914
111111010001111011100100010100000101100,101001001110110100001110001101011101100,1914,1914
111111110010100011000010100100111101000,110100110010011100111011010000011010101,1914,1914
100100100000011111010011101110011110001,111110001010100110101100110101000010110,1916,1916
110111101101011011101000111000101000000,101110011101011001001001100011111010000,1916,1916
111111101101000101000110010100001111000,100110011101001001011101101010000011011,1916,1916
100000010100001011111011100101100111101,100010011010110010101110110001011000111,1916,1916
111111101110100101100011000010101100000,101001000111110011100100010101011001101,1912,1912
110011111101110110000100110000101110000,100110101011001011100101000010111110010,1918,1918
101011101111111000001100001100011010100,100110110100101011101000001110011101100,1914,1914
111111010111100011001011010000010011000,110000010011011101100101001110010101011,1916,1916
100010111011010110011110111010000000101,110010011101110001110100100101011110000,1910,1910
111111101001001000001010101101100011100,101110110000110101011001100001111010001,1920,1920
111111101110001001001110100000101001100,101001110110000110101010110100001111001,1916,1916
111011101101010100000111000100100111001,101100010010111000101111000100100101111,1916,1916
111010101011011011111100000010010010100,110001011101100110001100111100101000011,1912,1912
111111011011010110011000010001011100000,101000110110111100010101001011110011000,1914,1914
101110101110100110111000010000010110101,111110100100011001101110001010011100001,1920,1920
100101101000100000011101110001110101111,100110111010001001110001101111010010100,1920,1920
101011101111100111000010101100100001001,101011000110101111100000011011001011100,1912,1912
100100000101101010000111001101111101110,111110011010100011101100100111001010000,1916,1916
100100100101011000100001110001110111111,111000101011001011111001000100111010010,1916,1916
111001000011010111101111101000101010000,110110010110011110000101101110110001000,1922,1922
101110110010101110000101001010000011111,111001110010110010001011001111011000010,1912,1912
111110110110101100010001001010100110100,101110001010001111110000111001000100111,1918,1918
111010011101111001000101000010110001011,100011001010100110111101100000101100111,1916,1916
111011011011111001000111010001100000010,110011000101010010110011110100001101011,1916,1916
111000110111010111000000010011001011011,110011100110110101001001010101111000001,1910,1910
111111010111001000011101000010010011100,110111010000011011101011100011010010100,1912,1912
110101011010000000100111110001110111010,100011001010110011110010010011000101111,1916,1916
100110101111110010101100110100001000011,111000010011001010101110110000110100111,1918,1918
101111101110110001101000100001110010100,111000010011001010101110110000110100111,1918,1918
111111011010110010101010000100110010100,100110011000001101111101000011100011110,1918,1918
101100111101111011000100010101000011100,101000001111100101110010100100100111011,1916,1916
111110111010101101001110001100100000001,110110110000011101010011100011011010100,1914,1914
111110111010101101001110001100100000001,100101100100110101110001001111100011010,1914,1914
101010101111111000110110011001000010100,110000100111101100001110000110110111010,1920,1920
100011001001101001010000010111001111111,111110011001010011001010100111101010000,1914,1914
111111011110001100100100110001010100010,110001001010111001110000101101001001111,1922,1922
100011011111001111100011010100100101000,110001000011100101101100110101000101111,1912,1912
111110101010011110111100110000001010000,110101011011001001011011100000111001100,1918,1918
101010111111001011001110011100000001001,110110001010111001011000001111011010100,1916,1916
100101010011000111110110111101000100010,110110010110011000010111001111000001011,1916,1916
101110011100101000000110100110110001111,110010001010101101110000101100101001111,1912,1912
101111101110001111011001001100100001000,100101010001111100101001100011111010010,1914,1914
110111110011101110001001010010101000001,100101001001101101110100011100000110111,1912,1912
101010000101100011100110111111011000010,111000001100011011101100101100101001011,1912,1912
101111101100010010101000011010001110011,100101000101101101110010011100000101111,1912,1912
101011011101111010001011001100000100101,110001010001110101110010000110110001111,1914,1914
111110000000101100010110100011101011110,110010001110110010100010110111001011001,1918,1918
111101000111011101101001000000110001011,101011100110010110110100011101001110000,1918,1918
100001110110100100001010001100110111111,111101011100101010001110110010110010000,1918,1918
110100011101111101101100000110010001010,101000010101101111000001110101100111001,1920,1920
101101000101000011001000111111011010101,111010110011100000011101110100100110001,1916,1916
101101101111010100111100010000001101100,100010011000101011110100010100111001111,1918,1918
101111011010001111110010010000010100011,101100010110101011001101000111000100111,1916,1916
111111110011101100010011001011000001000,111000101010001110101100010110110100101,1918,1918
101110101011011011101101000101100000001,110001001111010111000110100001101111000,1920,1920
110010011110110010101000010000101110111,111000101110010010011100111000101001011,1914,1914
101010011111100011111001100000100010101,101101100000101101101011100110010100011,1914,1914
101110110001011011000100000011100111110,110010000111101010001110010010110101110,1914,1914
100000001101100100111001110011111101010,110101001101001010010111011000001111001,1910,1910
111111110100101000011101000100010101100,100101110011000010110110011100001101110,1914,1914
101100000000101111001111100111010100101,101011011001100010101111000100110100011,1914,1914
101101101101010010101010000000111110011,111000011010011011111000100011001110010,1918,1918
101010100001000011110010001100111110111,110100001110011011101000101101101001001,1920,1920
101000000010100111110101111011000011011,110011101010100101101100011100001101100,1916,1916
111001101111010010111000101000001001101,110101110010011000101111100010000111010,1912,1912
100100111101111101101000001110110000001,111001000110100110101010011100011010101,1924,1924
111111111001010001010011001000011101000,101011101100100011011010110100001110001,1914,1914
111111110110100011101011000100011000000,110001101101001010101000111100101100110,1914,1914
111111001111100110001101010100100000100,100110110101100001010101111001001111000,1916,1916
111111001111100110001101010100100000100,110100010010110101001101100011100010111,1916,1916
110010111111010001110111010000100000110,111001101110001100001101011010110100010,1918,1918
100001001001101000100101010111001111111,110111001101010010010111000111100001001,1924,1924
101110111010011110101000010000101110001,100010001101001101011110000011011011011,1914,1914
101111010110001111110001010000010010011,110100011101010010011110010001100101110,1916,1916
101011011101001110010010000101000111011,111111000101010010110110011110011000000,1916,1916
111111111001100101100101001100001010000,101110011000101111100100101010010111000,1916,1916
100000110110100001000101101111011101110,111001010001011100100111001010011100011,1916,1916
111111101110000110010000101101010001100,111100010001011011001011101010010110001,1914,1914
111011001110000100001011000111011001011,111100100100001111011010101010110001001,1918,1918
100000110101100111111000110111010110000,101001100010110100011111011000100101011,1916,1916
111110101110101011011100001000100110000,101011000011011110110010001001011110001,1916,1916
100010111001111011110100100010100001011,110110010111100100001111011100100010100,1914,1914
100101001111101110110011010100001101000,100011001010110010111100000010111110011,1916,1916
101011101111100110110100000101011000100,101101100100001011100111000111010000111,1910,1910
111010101101101110001100100000101010011,100100010111101101100000111001100011110,1918,1918
111011100110001010110000011010001010111,110110111100001011100101100111010010000,1916,1916
111111101111000110101010001100110000000,101001101100101011010100110100001111001,1916,1916
110100001100100010111010110111101110000,110011001011010000101110111101000100011,1914,1914
110100001100100010111010110111101110000,100001010111011010000110011101001111100,1914,1914
111111101010100111001110000000101100100,110101001001101011100110110000101100011,1914,1914
111111101010100111001110000000101100100,111001000011011010111010001101001110100,1914,1914
100101011111101010011011101100001100000,100001111110001100101010110110001100101,1912,1912
111011110111101010001000100100111100000,110100010100111101000011100110110011010,1910,1910
111011110111101010001000100100111100000,101001011101100110001010111100001100101,1910,1910
101110111110100010101101000000111000101,111101001001000110101110011100100110001,1914,1914
101011111011110110000010101110000010100,100110010001101101100101100011110100011,1918,1918
100001010011001001000011110111110101011,111001001011100001101110011000100101011,1912,1912
101101110100011111010100000010010100111,110111001101000110001110100101110110000,1916,1916
111001010111111100101100100110100001000,110001001111100011000010111011101010010,1914,1914
111101000011000001001101011100100111011,101011000001110111001010111000101100101,1918,1918
110000010011010000101101010100111111101,110110000111100111001100010010101110100,1916,1916
111111110011100100101100010010001110000,110100001011101110001010100100110101110,1918,1918
111010111101100011101101101000000100010,111001000011110001011001101010110001101,1918,1918
100000010011101000101101111011110010011,101000011100111101100100100011101010101,1916,1916
110110111110100110101010010100001100001,110001010111110000001101101100111011000,1922,1922
110010111101010111100100100000001110110,100011101101100010101001111010000110011,1918,1918
101001101111100011110110011000000010110,110101000101100011100111010000101101101,1912,1912
100011110111010010110010000001100110111,101000010111110101001001110001110110010,1916,1916
111100110010101001000100101001101111100,110010001111000011110110100000101011101,1924,1924
100000000110010011110011011101010110111,100111110000101011011010100110010100011,1910,1910
111011001110110100111101110000100000010,100100111100101010011110100011000101110,1916,1916
101011010011011110110111000000010100011,111101100010101110011001011100101100000,1920,1920
111111101100101101000110110000010001100,111110101000101001110100101011001110000,1916,1916
100101000110010100011101101111011101000,101100100100001111110001101010110000111,1916,1916
111110001101110111101010000010100100100,101100011000101011110010010001111001011,1910,1910
100011010011001011110011111101000101000,110010001111011010000011110110101011000,1916,1916
110110010110001100000011001011111101001,101010010001111101010001110001001011011,1916,1916
101100010001100101110101111011011010000,101001000101001101110001111000100011111,1918,1918
111100000110000100011011010110010111011,101000101111010110100010011110001100110,1908,1908
111010101111100111100100101011000001000,110010011111011000001010110100111011000,1914,1914
110011010111111010001010000100001111100,101101010001110110010110011100000110110,1914,1914
101101111100001100010000010111101100011,110001000101110110100110101001011100101,1912,1912
101100111100111010000110100010000101111,110111001001010010011111001101010100001,1916,1916
101000000110001100011011010110011111011,101011000001110100101110110100001101110,1916,1916
111110100011101111001001000000110100101,100101010001111001011000101011110011001,1916,1916
110011111001000010101010100100001101111,100010010010111001110011001011010001111,1914,1914
110110001110110111011110000010001010001,110110000111011101100000110101011010010,1922,1922
111111110100101010010011000110000101100,111110100100001110101100110001011101000,1914,1914
101110101011110011100001000001011011001,111000001011010110001110110000101110110,1912,1912
110011001111101101001001010000101000111,100110101010010001110110011100000101111,1914,1914
110010100100001010111111100111010011000,101100101110011101001010001011111000001,1916,1916
100001001100000101101100011001011111111,101010101011000110100111010000111001101,1920,1920
110111010110101101000101000110000011101,101100000110111001110100001101001001111,1916,1916
110110110000001000110100101111110001011,100011000110110011110010101010001011011,1918,1918
101011001101110111110000010100001100011,111101010010011001111010001011010000110,1918,1918
110011000010001000111110101111001101010,101011010001001111110000011010010110011,1916,1916
110011011101100111101000000010101100011,110001100011111010101000010110110010110,1914,1914
110011011101100111101000000010101100011,100101010100100101100111101000011001111,1914,1914
100010101100011000011111101101110110000,100111010111100010010110110100011101000,1914,1914
110001101111110110110000110110001010000,111100100000111101001011100110010101010,1918,1918
101111001110100010111000010010001010111,110111000001110110011010110100100100011,1918,1918
101110111011100111100000001101001010100,110110001110100010101101111001100000110,1912,1912
111111110011101001011000110010001010000,101000101100110110101100111000001011110,1914,1914
111100011110111011001100101100001000010,100101000101111110000110010101110110010,1918,1918
111010011010111011010111110000001001000,110001001011111000101100011000110101110,1914,1914
100111010011101111011010010001000101001,111000011011001010101111000000101111001,1920,1920
100011011010011100111101111100000001010,101111010100111001001100100111100101000,1914,1914
111111101110000101110100010010010001100,110011010001011110010010100101011110001,1912,1912
110001001010101111111011010000110101000,110011111000100011111000110100100110100,1920,1920
111010111110111000011011010000011000100,101101011011101000001110101110010001100,1914,1914
100011111101101110001110101000011010000,101001001101000110101110100001100110111,1914,1914
111010000000010111001111000110111110010,101100100111101011001000111001101010010,1918,1918
101010011111011110000000011010001011101,110010011010110010101001110011101100001,1918,1918
111010011110101111011000000010011100010,110000111011100010011010010101101110100,1914,1914
111100001111110110001100001000100101101,111000101100110011011010110000101010101,1918,1918
110111000001100010001110100100101111110,110110101010001101111010000110001110100,1916,1916
110111000001100010001110100100101111110,101011000111011010100000111010111001001,1916,1916
110000000011010100111011001101011111010,111001100011110000101100110110100010101,1912,1912
100100111110101111011010000110111000000,101010101101100110000110011100101111000,1916,1916
101010100000100101111011110011110010001,111010010011001100010111100011010001011,1916,1916
110011000011111110011011011100000101000,101001000101010111100110100001110110101,1916,1916
111110110111101010001001100010110000100,111011000010010111001010111000110100011,1914,1914
110111101111100001001101000100110001010,111011000010010111001010111000110100011,1914,1914
110110111110000010100000110101101011100,100101010001110010011011100100001110111,1912,1912
111111011010111010000000111001010100100,110101111001001101000111001110100001100,1916,1916
101110101010110101111001101111000000000,110010011001100011111000111001010010110,1918,1918
111100111110101010011100110000001010010,111100101011001001001101011100110000011,1918,1918
110111110111100101001101010000101100000,110100010011101010011100100110000111101,1914,1914
101110111110100011111000010001010010100,100111011010001010001101101111000011001,1918,1918
100010001111110110111010100100101100010,111001100100001111110100011100011010010,1916,1916
111111101000000011100101001010001111100,101010011001100010111100101100101100110,1918,1918
111001111001001110100010000101001101011,110100100010010111110100011001110001011,1916,1916
100011101100110111101010011111000100000,111100010101001111011010010001011011000,1914,1914
111111011100101100001000100111100001010,100100101010001111101001100110010100111,1916,1916
111010001110100010010000110101101011110,101101100100000111110011000110101000111,1916,1916
111111101100001000100001110101011011000,110001011001010110001011011100001101101,1916,1916
101011111010111101100000100111000100100,101011101100010011011010111000001110001,1914,1914
111110111000001011000010010101101110100,100010010110011101110100010001110010111,1918,1918
100010001001111010011111001110101100010,101100011011001111001000001011111010010,1914,1914
100001000001101110011110100101111101010,110110010100011011011101000011110011000,1916,1916
111111101110001110001011010000101000100,100110111000111011010000101110110010010,1912,1912
101000000101010010111100111110011001101,101011100011101100001000111110101100100,1918,1918
101101011101110010011000010000011111010,101110000110111001101000100011110110100,1912,1912
111111110101010001100100101100001001100,111000011001110101110000101101010010011,1920,1920
101111100111101011000000011001101010001,111010000011010101110011010001101101001,1912,1912
110011111101101010001110101000000110010,100101111100101101000011100110011101000,1916,1916
101110011011111010001100000010110010110,100100010101111010000111000110010111101,1916,1916
111111011101001100000100100101111000100,110001010010101110101001111000011001110,1916,1916
101101101100011101000100000011011110101,110101011011100010001111011000101100001,1914,1914
101110101011100111111001000101100000100,110111010010000111001110110000101101001,1922,1922
111111101010100111101101001000100010000,101001100100110011100010111100001110101,1920,1920
111011101111011010001011101001000100000,111000100101111000011010100111000110110,1916,1916
111111101100101110100011100001010000100,100101010111101100001011011000111001100,1910,1910
111111111010001001000110001010101110000,101100011101100001100101101011011010001,1924,1924
100001110110001111101111100010000011010,100010101110110010011100011011010110100,1918,1918
101011011100110111101010100000001110001,101011001111000010001111101001101100100,1914,1914
100111111011100111001100101001011000000,111000001111100110100110100010101101010,1918,1918
111110111010101110000110010010100100001,110001000111100110010110100001011101101,1916,1916
111111100110101001000100010101011011000,110001000011100111110001011010010011011,1920,1920
111000111000110111000000000111011011011,110100100111000101011011100100110101010,1914,1914
111110101010011111001010000000101110001,101101011001100110001011011100001100101,1916,1916
111001101011110101011001010100000001101,110110000111101011001100000110110111000,1914,1914
100100110101000100001110010101111111010,110110000111101011001100000110110111000,1914,1914
100001001101000110000101011011110111011,110110100000110111100001110010011010101,1916,1916
111111011110001000101000011001101101000,110010111100101010001100111101000010110,1912,1912
100010001110101011011111001011001110000,100101110101111000000111101100110010010,1916,1916
110110001000011101001000001110111011110,111101000011101100101110001010100101100,1924,1924
100000010010010111110010011101111100011,101100101000111011100101001010111011000,1920,1920
100111100110101101110110010000000101011,100110101100011101001111000010111101000,1922,1922
111010101000000011011000111001101101101,101001011111000010011110011101000110010,1910,1910
100001110100011001000001011011110111011,100110110000111011110000100101101010101,1914,1914
100001000101100010011110010101111111001,111011101000100110101001110100101100001,1916,1916
111111101110010011000010001011010110000,100010111000101011110011001001001010111,1916,1916
111011111101000110101100100100001100010,110010110000101111010100110001011111000,1916,1916
111111011101101000100101110000010100100,110101000111001111010001001111010011000,1920,1920
101010111100110110011101101000000000111,110001110110001101011100010110110100010,1918,1918
111111110010110001101110000010001010100,111011010011011100001101001110101001000,1916,1916
111100111001011101000101000010010110011,101000011001101101110001101010000101111,1918,1918
111011111010011010100100010001110010001,110011010001000111110010100101100010111,1918,1918
100110110100001101010000100011110011111,101000001110111010101100011001001011101,1918,1918
111111101000100011000000111101010110100,101110010010001111001011001010011001110,1914,1914
100110100111000100100011010001001111111,101100011101110101000101101001111010000,1928,1928
111011101011100111001011110000000100100,101111000001101001101100101011010100011,1914,1914
110110110110001100000101000111100101011,100110111000111011000000110111101010100,1916,1916
101010111011100010100100000100111110101,110110000110011111001011000010111001001,1916,1916
111110111010110000100010011001011010100,100010111000101111011000110000111110100,1914,1914
111110111010110000100010011001011010100,110001111110000010111010110110001101000,1914,1914
100100110000101001011110111110100011100,110011011010101011001000111111000100001,1914,1914
110001001110010010000010111010101111011,110001010011101100101100000110111101001,1918,1918
110001000110101000001101111100111110100,101000101101101111000010011101001110010,1912,1912
101010011111100011110011011000000001011,101000011100111001100100101011011011010,1918,1918
111011111100001010100000110110001101001,101000010101110111001001101001100011101,1914,1914
111011110011001000000011101101000101101,100111010100011110000101100111010011010,1922,1922
100110010010010000111010100001110111111,101010010110101001101110001110000011011,1914,1914
100010110001110001000000111111011011110,101001101110001011010110011000011011010,1916,1916
101011111110101100011101010010011000000,110001001111001100001111010011011001010,1914,1914
111011011010110011111010000010001100001,101010001100110111010000011101001110101,1922,1922
100101111011010010111111010001000100001,101110101011001100101001110001111000001,1920,1920
100001101011001000100010100111010111111,111011011010001101011000111110001001000,1914,1914
111111001111000101001110100000100100101,101000010110110101010001111001100110011,1920,1920
101111010101110110110010011100000100001,110101000011010011110100010011100011011,1914,1914
101000101010000110001110010001101111111,101111010011001001001111001010010111000,1918,1918
100011111001100111110110010100010000101,100010011111010011000010110101001111010,1912,1912
111111110100001101011000011000001101100,101010101011011100100011000111101001001,1914,1914
111111011110100100100010101010011000010,111101010010011100110110000011110011000,1916,1916
110010001000101111111100111010001010010,111001010011001011110100001111010011000,1918,1918
101011100111110010111110000100010100100,111011100010010101111001011001100000110,1918,1918
100100001101010000011100110111011110101,101101000100110111101000011100001101011,1918,1918
111111101010000001101010010011000111100,111100010011010010101011100110110000110,1918,1918
111101011111010010001110010000100110010,101101110110000101011101011000111000001,1916,1916
100111011001111011011010000010101000011,110110101011011100001100101110111000000,1918,1918
111110101010011011000001000010111111000,110011011101001010001100111100101001001,1918,1918
111111110101001000010001110001101100100,111100101010011110000100111010101100100,1914,1914
100010011110101111100110100110100001001,101110010110011000010111101010100000111,1920,1920
110100110000101011111100111101100010000,111010100110010010101110110000011101001,1916,1916
110101100111110100111010011100000000101,100010111100101101001000110011101011100,1918,1918
100011101011110111011000101101001100000,111001000011111100011010001010110010110,1916,1916
111001000111010011101111110100100001000,101110100011101011000001101101101011000,1916,1916
111101001111000010001010001100111011001,110101000001011011110001101100100101011,1918,1918
101111001010000101110000010110001101111,101000011010011001011101011000100111011,1920,1920
110001001110010000001101101101111101010,110001001101011110000011010101001111001,1910,1910
111010111010111001001110100000001100101,110101001011000011011110010001001111001,1916,1916
101110111110111000100100010101101000001,111001100010011110001011011010101100001,1918,1918
101101011001101111100110100000001100011,111010001011111010000110100111001010100,1922,1922
110001011100100001000011011111011101010,100101110010000111110001010011011010011,1912,1912
111001001111101011101101001000100010100,110000011110101101000001110111010011100,1918,1918
111101101101100111011100010100001010000,111100010001111011011000100010111010010,1912,1912
111100110111001110001110000000101100101,100100010101011010011101100010010111110,1918,1918
111010111111101000010010011010100010001,100111010010011011010100001111000111001,1918,1918
111110101110011010110110110000001000100,110100100011101010001101111000110100011,1918,1918
111001100111111010101110000100100101000,111111001010001011011100101110010010000,1918,1918
100111101110101101101000000110110000011,110111011000101010011110100111000100010,1916,1916
111101101110011010101110110000000011000,101100101110000110111000010110111010100,1916,1916
110100111011101100111100100010000011010,110101110001100100101101010111110000001,1912,1912
101111101110011011100000101000110100100,110100010011101011010100000111110011100,1916,1916
110011010001110000100101000101111101110,110001110110000110101111010010000101110,1916,1916
110111110111100000101001000100111101000,100101111000101001100111101010011010001,1914,1914
111111101100101011011000011100000001100,110001010011111001001101010100101011001,1916,1916
101110101011110110111000100001101000100,111001101110100101001001111110000011000,1914,1914
111111101001001000100010011100111100010,101110100100001110110100111010001110010,1912,1912
110010101101110011111010101000000010110,110001100011100100101111100100110001011,1916,1916
101011011001111110101000100000101100110,110000101111010010001110011000111110010,1916,1916
110111001111010110110110000000011101000,110101100110110100001100011111010101000,1914,1914
101111101010110011110011010000010010001,111001101010000111101010011101100100001,1916,1916
101000000100101010011010110011100111111,111000011101001011101100100011101101000,1918,1918
100010011010111011111100110000001110100,100001011110010110011100010010110101011,1914,1914
100010010011111011110100100111101010000,111001100011110000101100101110101000110,1918,1918
111111110010101100111001010000001101000,110011101010100111001001101101101000001,1916,1916
100000011000100101010101110011011011111,100011100111100000101110110101101001001,1916,1916
111111011100110100101001001100001010100,100000111101110100010100111011100001101,1920,1920
111001110111111010000010010100110100010,110001100011011000101111100100101010011,1916,1916
111011111001100011001010100000011110010,100010001101101011011011000001101010111,1912,1912
111001011101000010010000110111001111010,111110101010011100001001111011001001000,1914,1914
111010101101111001100110000001001101001,100111110100001100011111001011010101000,1920,1920
111011010111101101000101100011000001001,111100101100100011011100111010101000001,1918,1918
110110110011101011111000100101000010001,101101011000011001010110011111000001011,1914,1914
111001001111000010010100010101001111110,100000110100110011110110001010010111011,1922,1922
101111001010011001101000000011110001111,110101101110000101011101011010001001100,1916,1916
100111110110110101001100011100000001101,111110000100011011101010100011010110100,1918,1918
110101011111101011000000110001101000110,111101000011001110101100100100111000101,1918,1918
100101101000111000010010101000101111111,101000100110100101110011001100001110111,1916,1916
111011011110011100101010010110000000110,111000000111010110010110011000101110101,1916,1916
111011101110111000011010010001010010100,111110101000001111010011110011001001000,1918,1918
111101110011001101001110000010100001011,101011101010001001111100001100110100101,1918,1918
101000100011000010110011110111101001011,100101110101001110000100101111110001001,1922,1922
101110000001000101101011011100111100110,110111011000001011101000111100101001001,1912,1912
111111011011100110000001110010100010100,110110010010101011001110001011010000111,1912,1912
110010101111110011101010011010011000000,111011001011010100001011111000110000110,1916,1916
100011000101001000010111100010111011111,101101101001100010011111001101010100001,1916,1916
110001100000100100111110100111011101010,110001111010000110101110110010000101101,1912,1912
111010011110111110001000110000100110100,101100010101001101111000000111011011010,1916,1916
101011111011111000110100010011100100000,101000011101110001101100101101000110110,1918,1918
101011011111000010000110000101110110110,111101000101000110111100110001011100100,1916,1916
101110000101111011101110011010001100000,101110010010001111101010000110010110110,1916,1916
111111110011000101000001101001011101000,100010011100110010111000101001011110110,1912,1912
111011111010100110011000001101010000101,110010110000111001101110000010110111010,1918,1918
111111101100011001011001000101000011100,111000100101011011010100010011111010001,1912,1912
100001000010001111110011011011101000111,111011000011001010101011011100100101001,1912,1912
110010001100000010111100111010101111010,111110000100011101101101100010110010100,1914,1914
101111011110011000010110001011000001011,100010011111100010101100101001011100110,1914,1914
110010000011100011111011011010110101000,110000010110111011001000101011000111011,1914,1914
100000001010011001110010011101111100111,101100101100010111110100010100111010010,1920,1920
110100000011000011101111101100110101001,111101010001001111001101000011011010100,1916,1916
111110101110101100001000110011001000101,110000111101011010100000111100101101100,1914,1914
111111101100101101011000001100100011000,111011011000110000101111100010101010010,1918,1918
101010001001101111011011110001101000010,110000011111101100001100101100111001010,1918,1918
101001000011000110101001111110111001001,100111100111100000101111010101011001000,1914,1914
111001111101101010000110100100001100110,100111100111100000101111010101011001000,1914,1914
111010000100000110111000011011011110011,110110001000111010101100101001011100101,1914,1914
101101111000101000000111001001101110110,100001001111001011001110000101110111010,1918,1918
111000001000010110101000111011001111011,110100110010101011011010000011110011001,1912,1912
110001011100001000100101011011010111011,111101000001001111010110011001001110001,1914,1914
111101100111000011101000010001011001011,100111101010001001101111001010110100001,1918,1918
110111100011011001010100000010110110011,100011111000100010111101101001100010101,1910,1910
111010110011110110111001000000110100010,111001100101010011111010010000101111000,1916,1916
101011101011100101111100110011000000100,110111110000011001010111001011010110000,1914,1914
100010001001011011100011110111101001010,110000010101110011011000011011000111110,1916,1916
101100010110100001100001101001100111111,100111110100011001010001101111010001010,1916,1916
111111110110010010100001011001010011000,110111000111010010101000110110111000001,1918,1918
100010011000101110011111111010000010110,101011100011000101101110010110110000110,1912,1912
101110101011111011011000010101100010000,100110010010011101110000111000010110111,1922,1922
101010101111110100101101110000001100001,100100010110001111011001000110011110101,1916,1916
101111011000011101000110001010000011111,101011001011001110101000010110111001001,1922,1922
111010101111011110100100100110001100000,110001001111101010001101001000111110100,1910,1910
111101010011101010001100100010000111101,111110011010110001011001001111010010000,1912,1912
101101010111100111011000011000100000111,111010001001101011011001111000001010110,1916,1916
111111011001110100000110100110000100110,100001010110001101110101011000011010111,1916,1916
100110001010000001110011011010011011111,110100011001011010011100101010100001111,1914,1914
100000100101011001110111100101110110001,111100000110111110100100010101011011000,1916,1916
101110111111101000011100010100011010000,110000101011100110001101100010110110110,1916,1916
101011101100100011110000010001001110111,101100101000101111100001100011010110101,1916,1916
111010111010111001101100011001000000101,111101000011100110010110110100000111010,1914,1914
110001010001100010010110010100111111011,110011011000100110101010110111100000011,1916,1916
111111101000111011011101000000100101000,111000011101011011000110101001101001100,1916,1916
110110000000101110000101110011110101110,100011101110011100001011011010101100100,1918,1918
101110000101000110110110111101111000000,111001101110000110011010110110000101010,1914,1914
101101110100000001110001100101011001111,101100111101000010111010110100111001000,1920,1920
110111011001000010001010011100111110010,111010001000111010001111100101001010011,1912,1912
111111101100111000100100101010001011000,101110010101111001000001101111001011000,1914,1914
111111011100000100111010000010110010110,100101010110101100001110001011110011001,1916,1916
101011111010111001100000000111101000101,110011011010100010011100101111000110010,1912,1912
111101111101001001000110001010110001001,111001010011010100001111001110100010011,1914,1914
101100010000001101101101111110000111010,100011100101001110110110000101110101001,1918,1918
101001100101000010000111011101100101111,111000010011110101011100001011000110110,1914,1914
111111100111001101000001010100101011000,111011001000101110001101101100001010011,1918,1918
100111110101001101110100100010000010111,101100001110011110100100011101101010001,1920,1920
111110011001111011001010000011001000101,111000111000001011101101010010100110101,1920,1920
111111110010111001011001010010001001000,111101000011000111011001010100111000101,1914,1914
100111010110111111000110000010010101100,111100010111001010001110111000100100101,1916,1916
111011010010001000100011010111111000011,101110001010101101001111000110010010011,1916,1916
111100010000110001010100111001011111010,111011000011011001001110110010100001011,1920,1920
111111111000111010101001001100100010000,111001011011000011101011010100110001001,1922,1922
101110111110101100100001101011000000101,111101001110001010111100010110011001000,1918,1918
111111010100110110011010010000000111100,101010011000110110001010111100101000111,1918,1918
111110101100101101000101000010011101001,101111101100100010011100111000111010000,1912,1912
111111011010111001000110000011100100100,101010111010101100001100111101100000101,1916,1916
101111010011001111110001001010000000111,111000110010101011001101101001101010001,1922,1922
111011101011011110100100111000001100000,111011010011001010000111101110010001010,1920,1920
100110001010010100101100000101110111111,101110100010011101011011000011110011000,1916,1916
111111110101100100011000001101010110000,101011000010011110011001011010001101110,1920,1920
111001111100000011011000100001101011101,101001001001100111101010110001010100111,1920,1920
110111011110101010001100111000000010110,101100011100001111101000100110010110101,1914,1914
100001001101000110000111011010111111100,110010001011101011001101010000111001011,1910,1910
100100111110101110111100000010010011100,110001011011101010000110101001110110001,1916,1916
110010011110101111011011000011001100000,101010100001010111110100100111000100111,1920,1920
100100001100111001111110100111010001100,101010101011110010000011011011110000101,1918,1918
100000001010010011110011111100011001111,100101010011101010100110001101101110100,1920,1920
101101110101101101011100000110010000011,101010000011110101110011000110010010111,1916,1916
110001011110101101011101011100100000100,110000011001110111100000110110101100101,1914,1914
101011101111101101001000110000111000100,100010011011101001000110101111100001011,1916,1916
111111110011000010101000100101011011000,101011001000111010011110110000011010011,1920,1920
110000100100000101110111110010110011101,101110010010101101011101000011110011000,1918,1918
111011111011001110010011010100000110000,111111010010101001011001010111001100000,1916,1916
111111101001110011101001101000100000100,101110000110101001111001000110111010100,1916,1916
100001001000010011101011100101011111011,101001001111100010100110111001101000011,1916,1916
111111101111001010001011000101010010000,110011000011010110011001011110000101110,1920,1920
110000111010111111001101010010000001110,111101010001011001111001100010011010010,1912,1912
111111011101000100010100001011110011000,100001111101010010100111001101100100101,1916,1916
100010011101111011110000110111010010000,111000101110110010010110101000101111000,1916,1916
101010111100101111101001100001000011001,100100011110111010000101001111010001101,1920,1920
100000100001101100100010111010110111111,100010110001101011010100110011100011110,1922,1922
111011100110001000001010110100111110010,101101010111000110000011111100100100110,1912,1912
111111101000010010000110011010111010100,100111000011100010111011000100101110110,1920,1920
101010101101111011110010010011001100000,101000100101001111110000101100111000111,1920,1920
100001001101000110001111110011101110100,101000010101110101100100100011110010111,1918,1918
111101000101011010100000011001011011101,100011010110000111110100110001001100111,1922,1922
100111101101010000100000111001101111100,111000101011001010001111010100100110011,1914,1914
100101000000011110111101100101111001001,101101010101110110000110011101001110000,1918,1918
110111011001010011000000101011101001011,100110110000101001110011101011000001111,1920,1920
100010001111100001101111011110101000100,111101011000101001101001101110011010000,1912,1912
110000010101111101111000101101110010000,100100111001101001001110101110100001011,1916,1916
111010101011110110110010000000110011100,111100001101100111010010010111101010000,1922,1922
100001111110110101111001001010001011000,111111001100101000111001101100101010000,1916,1916
101110011101110100000010110000110101101,111000001011101100101100011000101111010,1920,1920
111100010010101011000000110011010111110,111011000011010111011001010000111100100,1914,1914
101111001101100010000010111000101011110,100101111001000010101111001100100100111,1914,1914
111100100111101110101100111000001000010,100001000111010101101010010011011001111,1918,1918
111100100100000100110001111110010101011,101101110011001010001111001010010111000,1918,1918
111111101011000111010100100001001100100,111010100011001011101101001000111000011,1914,1914
111011101110111010000110000111010000001,110100110010101110110100001011010011100,1916,1916
110000001101101111101110100011001100001,101001111010100100011110110010101101000,1920,1920
100010010000011101110110111101100000111,100101001100010110111100010101001110101,1914,1914
101101111010101101100010000010011110001,101000011010011111010100010011100011011,1918,1918
111100010000001001111001001111011010101,100101110010101100100011101011011100001,1910,1910
100101101100001000100110010111111101010,110111000011100011101110000010110101100,1910,1910
110011110111100100010101000010110010011,101111101000110010011000111101101010000,1916,1916
110111010011101101101100011000100000011,111010101011001100001011011010111000001,1916,1916
100101111101111010000111011100000100001,110110001101100010101011100100101110010,1918,1918
100001101111010111110010011000010010011,100100011101111001000001110101011010101,1918,1918
110100111011101110101101000010110000100,100100111010101111001000001111011100001,1916,1916
111111001111110000001100101100100001010,110100110001101101011100100101010111000,1914,1914
111111010011110011001100001010001010010,100110010000101111110001011001010100111,1914,1914
101110111011100111100010010010100011000,110000010011111100001101010010111010110,1916,1916
110101001111100101101100010000010001111,100111101000011001011101001110011001010,1910,1910
100111101110110010101011010000000110101,100110010101111100000101100011110011100,1918,1918
110001101110101011010000100000101110111,100000111100110001110110010011010110101,1916,1916
110001000100010110110000010111111100111,111100111001010011001010110101001101000,1916,1916
111111100110001000001010101101001111000,111000010011001101100101101011000101011,1916,1916
111001011011110011100110111010001000000,111010000111010100101111000100100101110,1918,1918
111011101001010000111000010011001101101,111100001100011011110010010101010001011,1922,1922
101011111000110111101011100000001100010,100100011011101101001001101011000111100,1918,1918
111011101111110000101010010010010110000,111011101010010110011001011100111000000,1914,1914
110101000100010000110110011111000101111,110101100011100101001001110110110100001,1916,1916
111011111010101001101100000101001001100,111101100101000010111100011110011000010,1918,1918
101011010000010101100001100110011011111,100010101011010011110011010000011111001,1916,1916
110000000010101110001100110111011101011,110010110100101001110101100110110000011,1918,1918
111010101110101101100000001010011100101,100000011011110001110011001001101101011,1916,1916
110101001011110110110111010000000110001,100111001000101011011001101011100000111,1914,1914
101111001110101011001001110000000100111,100010001011100101110100101101000110111,1910,1910
111111101101101010001000100111000110000,100010001011100101110100101101000110111,1910,1910
111111110011100101010011000010110000100,111010001010100111111000100101100110100,1914,1914
101000010001010100110111101100011111100,110010001011000110101110110000110100111,1916,1916
101011111011101001100010000100111100001,100011010010011001110110101010000111110,1916,1916
111000101111010011000000101001101001111,101101011100111001010001011101100110000,1920,1920
110010111100101111111000100101000110000,101010010011111001100100001011110011010,1912,1912
110110101111100110101110010010001010000,110011101100000011111100110100101010001,1918,1918
111111110110001100101101010000001101000,100110011010100011110101100101000111100,1912,1912
100101101110111001111000101111010000000,100110011010100011110101100101000111100,1912,1912
111111010111101010001100100111000000010,101001101110001110001011011100100101001,1918,1918
111101110111001001001100000111000101010,111110000011010110101100111000100100101,1918,1918
111111011101000011000101001011000100110,110000110010110111000100101011100010111,1916,1916
110101001000000011100101111101001101011,111011001001101110001010110111000110000,1920,1920
111011110010110111011000110100000100010,111001001111000110010100111110101000010,1918,1918
101111001010111111001001101000001000110,100100111100011101001000101011110110001,1922,1922
110010011100000010010110110111101110001,101000110111110001010001011101100010110,1922,1922
100111010100000001100101111001010111110,101100100101001111100100011000111001011,1918,1918
111110101011110010100001110001000100101,100111000001101110011010100001101101101,1916,1916
111111110101011000100001001101010110000,110001011011011000001110011010111000110,1912,1912
111010111011001011110111000101001000000,101100010010100111110001101100101000111,1914,1914
100000100100101011101100011110111101001,100001110011001010111010000101100111110,1918,1918
110110010110101000000111000110010101111,101001001010001101110110010001110001111,1916,1916
110111111010011100000101100010100011100,101010110100111101100001001101110110000,1916,1916
111111011011001101101001010000110001000,110101010100001101100111001111000001011,1918,1918
111011101011110110100010111100001000000,111000111010010011001101011011100010010,1914,1914
101110001000001100011010101011011011011,111100010110001001111101000010011110100,1920,1920
100101111011011110001111000100010101000,110100110110001001010111100110000100111,1916,1916
100110001000001001111101101011110001101,111100101000101111000110111010001010010,1916,1916
111111101011111000001000110110001010000,110001011010011001011101010010110011100,1918,1918
111111011011010000010100100110011100010,101011110100001001101110100011100011100,1916,1916
111001011101010110100110010000000110111,100001111000101011011000110001101011101,1916,1916
100011110001000000101101101010100111111,110100110100001101011100110011000101110,1918,1918
101100100111110111101100010000011010010,111110011100010011011010100011101010000,1916,1916
111111101101110100100100011100011000000,111010100100101011001101100011101010001,1914,1914
111000100100001001110101100111110110010,100101111000111101000101001110111010000,1914,1914
111111110011010101101011001000011000000,101110000110100111101100010101011001100,1912,1912
111111110011010101101011001000011000000,110101010000111100101101100110100011001,1912,1912
111111101001101100111100000100011000100,111010000011100110101101001010100111010,1916,1916
100000011000011110111100100111110101010,110101001011011011001100001110111001000,1916,1916
111010101101111011000111100100100000100,100010100011101101110001001011000101111,1908,1908
101010111101110011001111100000100100100,101110110101101001000111000111110001000,1914,1914
111001111001101011100000001001110010011,110110100001010101110011011100001010110,1912,1912
110101011010111110001110011000000001101,110000101110110011101000100101101101001,1916,1916
111111001111000000001101101000101011010,110110001110100110001110111001001010100,1912,1912
111111101110001110100110010001010010000,110101100010011111001010100010011110010,1914,1914
101100000010101001101101101111011000110,111000001110111010110000010111001011100,1920,1920
111110101110110100100011001010100000101,100010011011000111110010100100011100111,1918,1918
111011111011001000010001001010111110000,101110001101101010011010001111001000110,1914,1914
110110011010111110111000110000101100000,101110000101011111010010010001101110010,1914,1914
110011101111110010011010111000001010000,110101101010001001101111000110110100001,1916,1916
111011111010010111001111001000000101000,100011110010001101110110001011010011010,1916,1916
101110110111100101000001000101101110010,111100001100111110010010100011101100010,1914,1914
101001011011111001101011100010100000011,101000010101110011110010011000100110111,1914,1914
100111110000001001100001101011110011011,101100101101000010101110111000101001011,1918,1918
100111000101001101100000001101010111111,100110001101010111100001011011011000101,1914,1914
100001101010101111011001011110101100000,110010010111100011001000111110110010001,1914,1914
110100011111101011000000100101001100111,101011001011001110100011000101101111000,1922,1922
111011001101011010100110000001001101011,111000100011100111110000110101010010011,1914,1914
110110010000001001011101101001111011001,110001101010101000011111100101001100011,1914,1914
101111011110000111110100100010001000110,111001101111000010011011010101001101000,1910,1910
100100010100010110001001100111100111111,111101101000101011000011110110101001000,1918,1918
111010111010110011111100000100010010100,110000011011100110101101001000101110011,1912,1912
100111010111111100010100100110100001001,111101010011010100001111100110000110010,1928,1928
110100111101111010010000000111010100011,111001000101101011100010011011001011100,1918,1918
111011011100111110100010110010100000100,101011010100000111110010110001100011011,1920,1920
111111110100101000100010001111001011000,110110000111101010001100110110110101000,1916,1916
111111010001001110000110000101010110110,101110100100001011111000110110001100110,1916,1916
101110101110010111100111001100000000101,100111100000101111001010100110110011010,1920,1920
110110101101110011111000010010001010001,100101111101000001110110101011001100001,1914,1914
110111111010000100000111001100011011010,101110000111011010001010111011001011000,1922,1922
111011110111001011001111000010010001000,111101000101010110100110110001101000011,1916,1916
101000100011110000011000101001101111111,111100010100110011010101100011011010010,1918,1918
110111110000011001000011000111011011010,100011101011110010001001111100101010100,1922,1922
101001000000110001110100101110011011111,101110001000111010101100100101111000101,1920,1920
101111101010101101100111000001000011001,101100010110101001111011000010011111000,1916,1916
101110111011111000001010001100010110100,110010110000101111100100010011100110101,1924,1924
101011111010111011100100001101001010000,111110011000011011001111010001011000100,1918,1918
100000110000101011111100101101110011010,111101100100100011101100011101001010001,1912,1912
111000110100000010110100110111011011100,101110101011011000110000101110111100000,1916,1916
100100010011010001100001011010101111111,111101010001110010100110111100100110000,1916,1916
111000111011111100101010000000110110100,101110010100110101111000001101100110010,1918,1918
111111010111000100110110000010001110010,111110100100101010011100111011001010000,1916,1916
111111101100001011100011000001001101100,101101000011011100111100010010110101010,1916,1916
111101111010010100011000010111000001101,101100110000011101110101000110110010110,1914,1914
110110110000000101001011100110011100111,101110101000011111001101001010011101000,1922,1922
101111001011101110101100010100100001001,100010001011110001110100100011010011111,1914,1914
100000111001101111110110100100000101011,101101001100111101000011100110110001010,1916,1916
101011111001101101010100000001100111100,110011011010100011011000111110100100001,1920,1920
110001111101000000010001110110110011011,110011001011010010100011111001010101001,1916,1916
101111011010111010011001010110000000011,100110011010101111001000011110001110100,1916,1916
101110100101110010000000111001011110110,111001110010111010000110110111010001000,1916,1916
111111001110110010011100101000001010001,110001010111101000010110110110010111000,1916,1916
101110101111101100110010010100011000100,101111001010100011110001101111000000101,1920,1920
111111101100100010000101011000111100100,101011100110010110110000111101011000010,1914,1914
111111110100101011011100010001000101000,101100010111001011001011000011011110001,1920,1920
110101101110000110010100110000001101111,101100111100001011001100101111010100010,1914,1914
101010001001100111101111100101101000010,101110000010011101011011000110110000111,1912,1912
111111001110000100000011101101001101010,110100101011101000011101100100110001110,1916,1916
110011011111001011110000100000101011100,101001111010001001010111011011000011100,1912,1912
110101000010001100110010111101111100001,110110101110100010011010011110100100001,1918,1918
101111110111000100101000010110110000011,110010011010110010101011110001001100011,1916,1916
101111110111000100101000010110110000011,111011010010011100011100100111010001010,1916,1916
100100010101100001100001101011011111101,100000101111010011001000111001101010111,1916,1916
110011101111100101101110010000110100000,110001011101010110000100111110101100010,1914,1914
100110111010110101111101000001000011100,110100110111010000101110011100111010000,1918,1918
101000111101001100101000100000110111111,100111011000100101110001111001010110010,1920,1920
111111110011001010000001101010110010100,111100101100001101011101100010111001000,1918,1918
110110011110110011100010100000101001110,110001011111000010100110111110001001010,1916,1916
111101110110001000001100101011010001110,111010010010111010001111001011000100011,1918,1918
111111100111101010011100010110010000000,110010010101110011010000111001101010110,1914,1914
100011000001010110111110011100101111000,110110100011101000101110110100100010011,1918,1918
100011000001010110111110011100101111000,110101010010110011101100100000111110100,1918,1918
111001100000001101101111011010111100000,110011100111010010001011010101110100010,1918,1918
110010011000000001101111100101011101011,111001100010111101001101000110101101000,1918,1918
111111111011001001010100011000110100000,110100010011110010101001110010110110001,1920,1920
111100011001100101010000000111110110110,110101001101100010110101110100001100011,1914,1914
100110111101101011100000100010110010011,111101010010011100001110111010110000010,1916,1916
111110000100001000111100101111110011000,101011011010110010011001101011101000010,1916,1916
100010101101001001100010001001011111111,100111000011110100011101011000101001101,1916,1916
111111110011001010110110000010100010100,110011111000001101100101011010100110001,1914,1914
100010110111100100010000011010010111111,101100010011001101011100001110010101110,1914,1914
101011111011001011011110001101100000000,111010001100111010010100111000101110010,1920,1920
100110011101101101011100000010000101111,100110110100010101110001101011110000101,1912,1912
111111111001010100010000110110001101000,101001001101101010100111100001001110011,1920,1920
110011110101111100100011000000110110010,101111100010000110111001011010110001010,1920,1920
101111001111010101011011011000000001100,100110010010101011110000100111100011011,1914,1914
111111101000010000110110010001010111100,100001110111000110110010101001110100101,1916,1916
111111110100100111001011000001010001100,111100010111010100101000110110111000100,1922,1922
101110011110100111011110010010001000100,100000011101010011110011010001010110111,1916,1916
101111001011100111101110100000001100100,101011000110010111110000011001101010101,1914,1914
101111001101101011101010010000011000011,110011111000000111011010110001001101010,1918,1918
110010100001001000011011111001010101111,101100000111010011010110011000111010011,1916,1916
111110011000000011000101110101101001110,100001101101010110100011101000100111101,1914,1914
100101111001100011010000100001011111101,100110110110001000111100101111000101010,1918,1918
111111110011010101000000101101001110000,110101001100011011011101000011010011001,1918,1918
111111011100010000110000011011011101000,100101010110001011110011001010010010111,1918,1918
111110110101111010000110100110000001100,101010101011011110000011001100111100100,1920,1920
101010010110010001001110000001111011111,110001101010001010110110110010001110011,1916,1916
111111001110000010011010100010001111010,101011010011100010011111010001001100101,1918,1918
111111011100111010000000110100110110000,100100111011011010000111001110010101010,1916,1916
101010011111100111101000100010001010110,111100100100101101111000100111000011001,1922,1922
100011000000010011110101101110100110111,110001001101110010100101110000101110101,1914,1914
100001100010001011010001100101101111111,110001001101110010100101110000101110101,1914,1914
111111110110010100111010001001000110000,100101011101100011110000101011100110100,1918,1918
111110111100110000101110001001000100110,111100000110111010100010110101101011000,1914,1914
111110111011110010010110001011000100000,111001010010010111001100111010101000011,1914,1914
101011011101100011111010110011100000000,101100101100010111100100010110011110010,1914,1914
100100010001100011010001111001011111110,100111110010000110101100101110110001010,1914,1914
111111101101101100000100101011000110000,111000100101011011100010111010001011100,1916,1916
111111110101011100100101100011000100000,110010001111100011000101101001101101010,1914,1914
111111101100011101011001010001001000010,100001111000011101100100101010110111001,1920,1920
101110111110100100100010000011111010100,100001011011000111100110011000110101011,1916,1916
111001000001000110011011110101011101001,100111100000101011110100101110010010011,1916,1916
110011001110000010100010110101001011111,100011000011011110010011001001010101111,1910,1910
111111110110010000101001010101000111000,101011001001100111011000011011010000111,1918,1918
111111110001110110011100100101000010000,110001001011100110101010100100110100111,1914,1914
111110001100000010100100111111101000110,110111000111010010110011010101100101000,1920,1920
111111111010011000111010000101100001000,111010101011011001001100111001011010000,1920,1920
101011101111100101101011100001011000000,111010000011001111001100110010101100101,1918,1918
111001011111100110001111100110000000010,100101001110101001101000101110010110101,1920,1920
101010111010111001111100000100100001101,100011101100110110101000010111101100001,1920,1920
101011111110101101100000111010001010000,100100011101101001000111100110100111001,1924,1924
111111101010001111101010010000001100100,110001101010001101101100011100110100101,1922,1922
101001110110110001110100001000001011111,100011110010101010001111011010010011001,1914,1914
101100111100111001000100000011110101101,111010000011100101101010101100110001011,1918,1918
101010111111101100100100111100000011000,110101100110001101101010011110000101001,1914,1914
110101000011110111111100001100110100000,101110101101100010011001101011100010100,1914,1914
100110100000101001010001111101100110111,110011101101010110000110010101111100000,1918,1918
111001110111110010000110101000100100011,101001001010101101110011000011010001111,1920,1920
101000110000000101110011101001011101111,100110111000011011010010100111010111000,1914,1914
101011010010001000101010010111111001011,100011101100100001100111110011000010111,1920,1920
101010111010110011000000100011110010111,111000000111101011001110010100100110110,1918,1918
111111101011000101011000001011000110010,110011100001101010011011101000001101101,1918,1918
100111101000101001110000100100010111111,100110010100111101001000101011110001101,1916,1916
100110101110101101110010000010010001111,110010101111010010000110111010001111000,1918,1918
101110111110110001101001110000101000001,111101100100101001110110000111010100010,1916,1916
111111011010100001000011011010001011100,100001101011110010001110110001011101001,1912,1912
111110101011111001100011010100100000100,110000110011011100101110000010110110101,1916,1916
110000011001110011101010111101101100000,110100010100110111110000100110101001011,1918,1918
111001010011011110110111001011000001000,110110001001101010101111000110100000111,1918,1918
101011111011110011000001001001110100001,110100100011011100001111010100110010101,1920,1920
110001000101001110000010110101111110110,110110001011110010001011110011100010100,1916,1916
111111101100010001010000110101100110010,101101011100001010011110001011110001001,1918,1918
100100000100011101010001101101111011011,101101011100001010011110001011110001001,1918,1918
111001011111001101011011011000100000010,101001100010011110111000011010101000111,1914,1914
101001000000101001110011011111000101111,110101010001101011011001100001110010011,1908,1908
100011101010101101000010010000110111111,101000010111001111000110011010010011011,1916,1916
100101011100011101111110100010100001001,110100011000011111011000100111010010110,1916,1916
111110111010100111011000110000010010100,110100010111001001011111000110000101101,1922,1922
101000001010100010110100011001111011111,101100100101011011100100011100111100001,1922,1922
111000101101000000100110111101011101100,111000010001110101110100101001110010011,1918,1918
111111101111000010100011010010010011000,110001000111110010001101010110110010101,1922,1922
100000010010111010111101001111010011001,111100010010001111011010001010111000110,1916,1916
110000000111100010001100101110111110110,101101010100001111001101100011010110010,1922,1922
110010011110101110001000100001001110111,110100010111101000100110100111100011010,1920,1920
101101110010111111010001000001010110001,101011000011010011110100010011100011011,1916,1916
101111101110001111010110010000101001000,101110011000100110111010011110000010110,1916,1916
101011101111100101001011110000001000101,110101000111011101001001100110011110000,1922,1922
101001110001100101000001011001101110111,101100101000001111110010010101011000111,1916,1916
100110111100101111011010110000001100100,101010111110100010011100011100111010000,1920,1920
111001001011101111001111100001000100010,101101010100001101111011000011100100110,1912,1912
100110100001000101110010000110111101111,111100010011110001011100110100100101010,1914,1914
100010011100100001010001110111110110110,111110000110001011110100010101101001100,1916,1916
111111110010110011001000010100011110000,101001000101100111011100010010101110101,1920,1920
100111111100111011010001000011010011000,100010101100100111110010100001101010111,1916,1916
111001010001100010010011010100011111101,100100011001011111000101001011000101111,1914,1914
101101100111101010011110100000000101011,110000011100111001010100110011011010011,1912,1912
101101100111101010011110100000000101011,101110001100110010011110101100001110100,1912,1912
110001000011100011111111010100110010010,110001001100111010010110110000101010111,1918,1918
100001001101100000110001011111101111001,101101010011010101011000011110100100011,1922,1922
100111011011110010011110111000001000010,111000101011001010001111010100110010011,1916,1916
101110101111100011101101011000110000000,110010010011001101010110101110000011011,1920,1920
110000111011001000000101001111011101011,110011000101011110001011100100100101101,1912,1912
111111101101001100000100010110111000100,100011101000110110101001110010100010111,1918,1918
111111101110010001001011000010011101000,110101010010011010010111100011000011101,1914,1914
101110101110110110111001000000101110000,100100101001101011110001110000100111011,1920,1920
101110111100101011001000000111001010101,111111001011001010001100111101001100000,1916,1916
111111110011011100010001011001010000100,101101000100111010111000110100011110100,1920,1920
101100110110111111000101110001000110000,100101100100101011110101000001011110011,1918,1918
111111011101100001011010001000101011000,100111000100100111110101001011001000111,1916,1916
101110111011011011000010100001101010001,111011110000001111001101101011000101000,1914,1914
110100101011110110011111010000000100101,100100111000111110001100101010110011100,1922,1922
101001010010011101111100111110000001010,100110001000111110011010001011011010011,1916,1916
101110101110110011101001000000111000101,110011010000010111110011000110101001011,1916,1916
100111111011011000000111000010010111010,100010001100110101110100110001011010111,1914,1914
110000000100111000111101101101101010101,101010000110110111001000111000011011101,1914,1914
100011001001011100000101000110011111111,111101100100011101001101001010110101000,1920,1920
100001110111010110001111110110100000100,101010100101100011110010011011100100011,1920,1920
111011101010110111001011001000000011100,111101000100101111100010010110001110100,1912,1912
111011100111100101111000010100100000110,100111101010100010011111010010001100110,1918,1918
110010111100001000010001101111010111010,101110100110000011110110010100111010001,1920,1920
110110000000001111001011101011011101001,111101100011000110101011100010110010010,1914,1914
111101010111100010000010001101101111000,101111001000101111001001101011000100110,1918,1918
111110101111001011000110010001010010001,111100011010101000100111101101100000110,1912,1912
100111110110100110001000010010111001110,101010001010110010011111100001100010111,1918,1918
110001010100001001110010010001111101111,100001110110010110011100010100101101110,1920,1920
111110101101101010111001000000101100100,100100001101100011110011100001010111011,1918,1918
111110101101101010111001000000101100100,110001010011101110001000110110111100001,1918,1918
101100100101010000010011100111110001111,111101100110001100101101011010101000001,1912,1912
111011100011101101101111000010100000010,101100100110001111010100100011110110010,1916,1916
101011010111100110111010110000001100001,101110000010101011110110000110110010011,1916,1916
111011000111101110110010110100001000001,101010101111100001100101100111011000100,1918,1918
101110101111011100100001101000011001001,111001011011000010101111100010100001110,1914,1914
111011101011011101001100010010010100001,100000110100110101011100100011000111111,1914,1914
111001111010010111101110010001000001001,100101010111010000111101100100110001110,1914,1914
111111101011000100000110110010001110010,101010001100111110001010100111100100101,1922,1922
101011101111101001001100110000001110001,110101100010001011101101001010110000111,1912,1912
111111101001110110010100110000110000010,101000110110101111000001101011100110010,1912,1912
100110101011110111001110100000001100110,111101001101000111010010111101000001100,1914,1914
100111111001101110011100101000001100100,111001101001010100001111110010100010101,1922,1922
101110101111100111010000100010110100001,100000111011101001100100101001110011110,1914,1914
100110101010111111011000110011100000100,101100010100101001111110000110100011101,1920,1920
101000101100000011111110111010011010100,100110001100101101110010101001100001111,1918,1918
101111010111010011100010000001101110001,100111110010000101101101010101100001101,1918,1918
100100000100011011110011110101110001011,101001011001101011011000000111110011010,1918,1918
101010111110100011111001110000000010101,101111001100101001101101100011010011000,1916,1916
100111011010111011001110100000001100101,110011111010000101011010011010111000001,1918,1918
101101000010000111111101011100111001000,100010101001100111110001011001001011011,1920,1920
111010101100100010000001111101101001101,110100101011011100001110001110111000100,1914,1914
101111110001100011011001000001001011110,101011101010001100110100011111000100101,1916,1916
111111101011001110010110000010101001000,110000101100111011100001101000101101110,1916,1916
110101011011001101101111011000110000000,110101110000100111110001010110010100011,1918,1918
100010000010111001111100101011110110010,101001011011000100011111011000101100011,1914,1914
110100001001010001010111111000111101100,100100010011100011110101100100010110111,1914,1914
111110111010001000010111000010110001101,100010110111000011010110010101100111100,1918,1918
100011000010001001110100011101101101111,111101000100100111101010010100111000101,1914,1914
100010000100010111110010100111111011001,111010001111000110001011010110110100010,1916,1916
111111101001110101000001001100110010100,111000001110010110111100010100011011010,1918,1918
111011000100000010101110011011001111001,110110100100101001111100000111010101001,1916,1916
110000100000100111011000110111010111011,111110001011010100101100101110100001100,1914,1914
101011011011001110111001110000000001110,111110001011010100101100101110100001100,1914,1914
101000010010010111110011111100010011100,110001011001101010101110000100101111100,1918,1918
111111010001011010010010001100001110110,111111001000110010101010110111000110000,1912,1912
100001011001000100011100100110101111111,100010110001011011110010100011001010111,1920,1920
110000000111101011101101110010110100100,100001001111101010001110001101100111010,1916,1916
111011110110110110001010000010111001000,110100101010111001111000000110110111000,1918,1918
101110111011001111001010111100000010000,100100011100111100100110101010010011110,1914,1914
111111110101010010010000011100110101000,100100111110001100110101001011110001100,1916,1916
111100111100010010100000101011101100110,100101000011011011110001010110001001111,1918,1918
110011111010011011011110100000001010100,111101010010011100011110100010110001100,1918,1918
101011111011101010001100000101001110100,110011010011110000001110110110110001001,1916,1916
110101101010000000100111110001110101110,111100100110110000101110111001010011000,1914,1914
101110110001100001001001100101101011110,110101000101011001111100000011011111000,1920,1920
100111101111000010100010010101000111110,111011011001000111001100111101001000010,1914,1914
111111101101100000001110000111001010100,101110101100011001110101001011011001000,1924,1924
110011011111101100101000011100100001010,101000101101100011111000110000101101110,1914,1914
110110111111010010101110100001001100000,110101100110000101011101110000111000110,1916,1916
110110001100000110111110110111101000000,110011010101011010100011101100101100001,1920,1920
101110111011100011110110100010100100000,111010000011100111011001101000110100101,1922,1922
111010100110000001001011100111101010110,111101001101000110011000111101101000001,1918,1918
110000001101101010000111110111101110000,110011010100110101011100100001110110010,1918,1918
111100110100111001000100000111100101011,110001001011001011101110010000110101011,1920,1920
111010101110110111010011000110010000001,110011110011100100101001010111110000010,1914,1914
111000111111110011010100100101001100000,110111010100001101110110100010010111000,1922,1922
111111111010010101000100101100011000100,100011101001110010001111101000101100101,1914,1914
111111111100011001100010010110001010000,110101000111110010010110010101001110100,1920,1920
110100001101000001001110110101110101110,100011010001101001110111001100000101111,1914,1914
110111001111110100001110010100100000101,101010001110010110110100010011001111100,1920,1920
111011111001100010001010000101111100001,110100010101101011001100101001001111100,1914,1914
101110111011011010000000011100011110100,111100010010110111000100110011101010100,1918,1918
111010110101100111100000100001001110110,100110100010011011110000101011100010111,1924,1924
110001011111101011011010000000011110001,100110001010110011101010010011011100101,1922,1922
111111111001100000011101001000100111000,101010011011100001101001101011001010110,1916,1916
110100011011110110111100011000110100000,111110101000100011111010010011001010100,1922,1922
111111110100110010000100101101000111000,111011001000101011110001101110001010010,1914,1914
111111101101001110000100110001010100100,100001110111010010110011000101111100010,1912,1912
111110111101010011011100110000101000000,110111100010101100101100110010111000010,1918,1918
111011011100101110011010100010000100011,101010110001101101101001100001111110000,1916,1916
111010111111101000110101000110010010000,110111011100001110010100110101101100000,1918,1918
110101001110010011010000000101111101011,110001110011001010011011101000010110011,1914,1914
101110101011111001101000000011100100101,101110010010001101110001110100101000111,1912,1912
111110111010011010111100000010010100100,101110011011100010011100011110101000100,1924,1924
101010101001100011111101111001100000100,101101001100011111100000110110011010100,1920,1920
100101101111000011100000010001101111101,110010101001101010011011100001001110101,1912,1912
111000101100000010010101111101101001101,100100010111101011000110001110100011101,1918,1918
111000111101100110101111100110000000010,110100110011010100001111100101010011010,1912,1912
101011100111000010000010101101111101100,101111010000111101000101100110110001100,1920,1920
111111101010011000111100000010010101100,111001010011010011011110001000101110010,1916,1916
110100101110011011000001000011010101111,100101010001110110100110011100000110111,1916,1916
111100101110110101100100000001011011100,101111000011100110001001111100100101010,1910,1910
101111011001000001000111011000010111110,111011100101010010110110011010001110000,1920,1920
100001111011101001010100000001100111111,110110101001101010011100111000101100100,1916,1916
111011110010000101010001001100111100011,111001001010010111011100010010110001011,1918,1918
101001000111111011101010110010011010000,110110000011101011010011110001000110011,1916,1916
100001100010110100010001010110011111111,111101010011100011011001010110110010000,1916,1916
111111101010110110010010101000100011000,111010011101101001001000111111000011000,1914,1914
111111010011000110100011000100010110110,101110101011011000111000010111101100000,1920,1920
101011101011111101100001010100110010000,110100110010011100111100000011110011010,1920,1920
101010011101101111110000110001000011010,100110100000111101110010011010100100111,1918,1918
100101110110011101111001010100100000101,111110101000010111000110110110001100001,1914,1914
111010111010011110011011100000000101001,101000011011110001001101100111001010101,1920,1920
111111110110100010101000011011000010100,101100110100111001011100100011101110000,1920,1920
111010111010111100110101100100010010000,110000010011111100001101010010111001110,1922,1922
101111011100101110011010100010100000011,111110100100011110001101101100101001000,1914,1914
111010101110111110001101000100110000100,110011100000011011110100100110100101011,1914,1914
111000000011000001101110111100101010111,100110100110001101011010100110110001110,1922,1922
111101011000100011011000000111000111110,100101111011001010001110101001101101000,1920,1920
111111110111000101101000010111000001000,101001101101001010100110011101000111001,1920,1920
111011010111100110011100010100000100110,111000011111011000001010110110101100010,1918,1918
110110111110010010100100111000001000111,110100010010111001010101110001001110011,1912,1912
101010111011110110110000100011010010001,101111100010011001011011100011110000010,1916,1916
111101011101100101000110110000000101110,110100110101111000010110001011110011000,1914,1914
111100111101100010010000101010101101001,111000110111100100001101101110100010001,1918,1918
111111101111000001010001010010111001000,100011100101101010011011001000101111001,1916,1916
110000010011101011001101111011010110000,101000010101110101110000011100100110111,1918,1918
110000001001010011100010111101100111110,101010100100111011110000110010011110010,1918,1918
111111101001010110010001000110001110100,100111100010100110011111010000100101110,1918,1918
101010011011100111001111101001101000000,111101000010011101011001011000110100011,1916,1916
100001010100000111000110100110110111111,110111001000110011110010101101001000101,1918,1918
111110110000001000101110100001111010110,110100101010111100001101001100110011100,1916,1916
100010010001100110100101111011110101010,111111010010010110011001111000111000000,1920,1920
100100001000011101011100101111110010011,100000110110101011101000110001110110110,1914,1914
110111010010000100100011001111110000111,110101010111000011001111010100110010010,1916,1916
100000101000100101011100010110111101111,110010010001111100100101010011100110011,1914,1914
111111001111000010100100010011011001010,100001001111010011101010100001101111001,1920,1920
111110101111100010100110001100010010001,101100100100111111000101000111011010100,1916,1916
111001111101100011001010011000001010011,111101000011010011101100101010100100011,1914,1914
111001010111101101101100001010000011001,111010001010100111011000111001001000111,1914,1914
111111110110010100100001001110001110000,110010101011100101101100100010111101000,1918,1918
111111101110001110000000101110010101000,100101011011001101101000011100110101100,1920,1920
111111101100101110001011000100011000010,111010100100100110111100010010101110001,1916,1916
100001110010010011000010110001011111111,101001001101010110100111000100011101110,1916,1916
101011101111111000011000100110101000001,100110000111110100101010011100101001101,1922,1922
101111001001111011101100111000011000000,101011110011001001010100101111100101000,1920,1920
101100000001101001101001100110111111010,111101011000110011010100011111000010100,1916,1916
111010101111100110011011010110000000001,101011011010011001011100010111100011000,1914,1914
111100100111010111110110010100001000100,101110100111001011000110001011111010000,1916,1916
111111110101100110010000111001010000010,110100101111000011101010100111001100100,1918,1918
101001010100010000011011011101110001111,111001101010110100001100110111100100001,1914,1914
111100100101110111111100010000101010000,100101001101010001111001100100110011110,1914,1914
101111011101001101011100000010100101001,111011011000100011111000111100100010100,1916,1916
111111101100110111000111000101001000000,100110111100001101001101110010100101010,1910,1910
101110011111100110001111101000001000100,100110111100001101001101110010100101010,1910,1910
100000011100010100110101001111111101001,101111011001001001110100101011100011000,1918,1918
111110111011100001101011000100010100001,100010011011101001000101111001011010011,1926,1926
111011101110110110100011100110100000000,110001011101000110101100111100001011010,1920,1920
111111101100101010111001001001000001100,111100001101011010111000010111001100010,1920,1920
110101110111011001110000000010111010010,110101011010011011000001110111001110000,1916,1916
111010111011101100111001000101100000100,111001111010010110001010010111110100000,1924,1924
111110101111101010000111100100010000100,111011000101000111100110011001011010010,1916,1916
111110110110000011000010001110111011000,101010110001001011110010100110100010111,1918,1918
101100011100000010010110011101001110111,110001000101111110001010100101101100101,1916,1916
110011101011011110011010000100000111010,111100100111011010100010010111011100000,1914,1914
111110101110110110001101011100000000100,100001110100011001110101001011010011011,1916,1916
111111101101101010011001110000101000000,100100110110101010001111100011000110101,1922,1922
111111110101010110000100100100111010000,101001110001001110011110100100010110011,1922,1922
100010110011100001001000101011010111111,110010101110010110010000111111001100010,1912,1912
100101000001000110111110110100011111100,101110001001110010101001111000101100110,1914,1914
111000101101111011100110100000001010101,101100110111001000011110100011100101100,1916,1916
111011011111101011000010100011101000000,101100011001111001001001101010110100011,1918,1918
111110101010111101101001100110000010000,100110111000001011010111001011000011011,1914,1914
110010000101110000100100110111101111010,111100001100110110001111011000010101010,1912,1912
111111011010001000001101101000011011010,111000101011100111000010110011101000110,1922,1922
111100100001000011010011100101011101101,100111100000111101101000100110011101010,1918,1918
111111101110100101010011010001010000100,111000011011100011001001011110100011001,1922,1922
110110111100101011011110000010001000101,111110000100101110100110011100011010100,1916,1916
110100110001110100001001000101110111110,100111111000011000110110101010010111000,1918,1918
101110011010111110011010100011000000101,111010001011000101011011011000110000111,1916,1916
110110111110011000010101000110100001011,110110111010001011100011001111010010000,1914,1914
100110010001001101001001000111001111111,111101000011100011101001010110101000101,1918,1918
101100010000011101010111111011100001001,111100110011100001011010110100110100010,1918,1918
100011111101100111101001101000001110000,100010011010111101001000101011001110101,1922,1922
100110010010001110001000101011010111111,111000010101110110010010110100001111100,1910,1910
111000000011001011001000101110111101011,100110110000101101011010101110000110011,1916,1916
110000001011011111011010110110001010001,110011011011100000101110001110110101000,1914,1914
111111101011000100010100100110010110100,110101110011000001101111010000111010001,1920,1920
111101101010000111000000110011101001101,110111001110101010000110101101101100000,1916,1916
101111010100110001101001000001011011101,101010100110010011110111000000111100011,1912,1912
110001010011111011101110010000100001011,111010001110110010010011110001101001010,1914,1914
111111011001010001000000111101011100010,100101111000101001110100110011000110110,1918,1918
100011001001111010111110110010001010010,111000010100110111110000101011000110011,1918,1918
111011011000111111011000101000100010001,101101101101000011011100011110001001010,1916,1916
111011000011111001101111101010000001000,100001101011100101001010110010111001101,1920,1920
111010111110101000111001100100000100101,100111110000101101100011101011010001001,1914,1914
111010100000100001101111011011101001100,111100101101000110101100010111011100000,1916,1916
111011111011100011101010010001101000000,111000001101001111010100100110101100110,1920,1920
110101111000111011101001000010010001011,101101001001000111110100011001110001011,1918,1918
110111010010011111001000010000110001111,101100101010101101001110001011110010001,1918,1918
110011001000000011110010110111101011001,101000110101011011100000011101011101001,1918,1918
111111001111001010000011001101000100101,110110101001110010001110101011110000100,1922,1922
100011000001101010001111111100110101001,101101010000101111100110100010110001101,1916,1916
111110101011110001111001011001000000001,110101100101000111011001001100111001010,1918,1918
101111101011100011101100010000011010001,111010001000111011011011000011010100101,1916,1916
100111101101110110101000111010000010010,111000101000011111101000110011001011001,1916,1916
111010111010101111011000001010010010001,111011010011000110001011111100001100100,1922,1922
101010111011001011110001000001000110111,101110110100001101001111000110111000100,1916,1916
110111101011110010001111001000100000101,100110110100001011110011100010110011010,1916,1916
101110101011011011110100000000011110001,101110001011100011001011100101001100101,1920,1920
101001011011000000001011101100111110011,101010100101101110011000110000111110010,1916,1916
111111010001001001000110001011110111000,111010000011100111101010100100101101100,1916,1916
100100111110111000111110100011000001010,110101110011100100101001101110110000010,1918,1918
111001101111001011110100100010001001001,101010101011011100001100011111100100001,1914,1914
110001111000101000001001110100111011110,111001000011010110011011010001010100111,1918,1918
101011111011001111100000101011000100001,111010111010010011001100111101001010000,1916,1916
101011010011110110011111001100001000100,110110000101010111110010010001110100011,1918,1918
100101000111000111101101011110110001000,100100000111010101110010011010010011111,1916,1916
101110101111101011000110100110100000001,110000011110101011010001100110001110110,1920,1920
110001000010000101101101110111000101111,100111100010101001101101000110111000110,1916,1916
111101011001101111011010100000001101000,111101001011000111001100101110100010001,1914,1914
111111101001011100011001000001101010010,101110101100110010001011110011100000110,1920,1920
111011101011101001110110001101000000001,101100011110011001000111101010100100101,1914,1914
100010001101100011111111010100100101100,100010111010110001110000101111001110100,1920,1920
111010101110110110001110000000101011001,110011001010000111111010010010011101001,1918,1918
100101011000001000100111101111000111101,101110001011100010011010111101001000101,1916,1916
101110101111011010111000000010110011000,110100000110110011110010110001100101011,1914,1914
111111011100101010001010011100000010110,100011111010000111001100110010110100110,1918,1918
111000010010001101100110101111110101000,110110101110000010011110110010101100001,1914,1914
110101100000101000011101001101011101110,110111100110000101101110010011101000001,1922,1922
110100000010110000110100111101010111011,100110010000111101011001110001001011101,1922,1922
110111010011011011010110000001000101011,110001101110011010001011110100001111000,1920,1920
110011111001101110111000010110100000010,110111001100001010101110110100101100001,1918,1918
101000000101001111011000111110111001001,111110001010100101101110100011000110010,1918,1918
100100111110110001111101011010000010001,101100010101110110010000111100111010100,1920,1920
100110011100101101111100101111000001000,101010001000111101100101110001010010111,1918,1918
110001101011111110100110010100110100000,110100011011111000010101001111010001100,1916,1916
110001001101111110010110110101010100000,110111100010110100001110011101100100001,1916,1916
111010111011101110000110010010100100001,110000110011000101110101101000100101111,1914,1914
110010100011001000001110110000111110111,101001111011001100001011011010101100010,1918,1918
101001001111000100111111011110100001000,100011001001111010001010101101001100111,1912,1912
111000010111111011101100001000100101001,100011001001111010001010101101001100111,1912,1912
110111100111110100001110010001000101010,110100010010011111001100001011010110011,1920,1920
110001010111110110101101100100110000010,110111001110001110000010111110101001000,1918,1918
111010101111011001100111100100000100001,110101110100111001001010100110111100000,1912,1912
111111010110111011000110000110010100000,100111101010001001011101100111010000110,1916,1916
111111010111001011110010010001100001000,100001011101110001010100100111100110110,1914,1914
101001111011110100001000010101001101101,111010100011100111011001000100111110000,1922,1922
101111001001111110101100110010100000100,111100010100011100110111100010010101001,1916,1916
111111110011100100010100010100101110000,110100001001110111010010110001101001101,1916,1916
101010111111101100011001110000011010000,111100010010011011101011000011011010100,1914,1914
110111110010101000001110000100110111100,110100010001111101100101001010010111001,1922,1922
111010110100100111000000110001101011110,111100011011001001001111110001000101010,1918,1918
100000010110110101110011101110010111000,101100010100011011010110010111000001111,1916,1916
101110101110101011011101001000100001001,111000011100111011010000100111101100001,1926,1926
111111101110010101101100001100010100000,100110010101001101110001101001000111110,1920,1920
110100100000101001101011001110111101001,101000100111001111100000011010111001011,1914,1914
101110111010110010011000000011110010101,100001010111001110010110000101100111110,1916,1916
111111100111110100000100010111001001000,110101001101101010001110011100101101000,1920,1920
111100110111101001000101100001100001011,101100001010110011110010011000101010111,1920,1920
101111010110010111110001001010000001011,101100111100100111010001100111010110000,1920,1920
111100011110110011010000000101011011001,101001101110010100001110111100010101100,1916,1916
111101011011010110111000011001000001001,111011000011100010101011110100001100110,1916,1916
100111111010111001100111000000110100010,100111011011010100011010011010111100000,1922,1922
101010011000001011011001111011110110000,111101010001001110100111011100000110100,1920,1920
111101111100011010100000111001001000101,101101100111010100001011110100110001100,1918,1918
111011101111110000100010100100101110000,111000101101101110000100111011001010100,1916,1916
100001000011010111111010011101010100110,110110001110110010011000111110100100001,1914,1914
111011100111110010001100101000101000011,101100110111100010010010111110001010010,1924,1924
111110101110001001100000100011111010100,101101000011010010111011010001001110011,1916,1916
110000110011010100101111101110110100000,101111010010011100010101100111110001000,1918,1918
111100100101101011101111100110001000000,110000111010001101011101000100111011010,1918,1918
111110111010101101001110000100110000001,100110010100111011101000100011110010110,1912,1912
100011000011111110011010101101110100000,111100110101010010110100110111001100000,1914,1914
100000111000100011000101101010011111111,110110011010001011001111001010010010101,1918,1918
101101110011111000001101010000100100111,101011000011001011101110100001010111001,1920,1920
110111011011100110000011110000000110101,110101100010100111011010110000101100101,1918,1918
110110111110111010000100100011010101000,110000101110011110010000111100101001101,1922,1922
100001111000001000110011110111101101010,110010001011100011011001101001001010111,1916,1916
110001011100000010001110111101101110010,101110100110001010011110110000101110100,1916,1916
101001111001101110110011100000000101011,111100101011010110001100101110110100000,1916,1916
100000010001100110110100011111011101011,111000001101101011010100111000101001101,1920,1920
111000000011010111101111001100110110000,100111011110000011010110110010101010100,1922,1922
111111110110100011100001100101001000100,110001001110011011010000101110101010011,1918,1918
100011011001010010000010101101111110011,110001100010110111011000010111010001011,1920,1920
111111011101000100101000001110011100100,100111100010010110101010111100100001101,1916,1916
111111011101000100101000001110011100100,110110101011100100001101111000110100010,1916,1916
110010011010101111011011101010000110000,101111110100001101001011100110011100000,1920,1920
100111010111101010001011000000100111101,110011000101001110100111100000101101101,1918,1918
101110111100110010111100110000001000101,111100000111011010010100110101010110001,1926,1926
101110101011100010110000000011110110101,111001100011001011001101110100101000011,1914,1914
110111101101011110000110110010001000001,100011001010101001110101101100001001111,1918,1918
111111100101011110101000101000011000100,110100110001001101101110000110100011110,1920,1920
101010111011110011011010110001101000000,100100111100101011110000100110011111000,1916,1916
111111101101001010111001100000001101000,100011101101000100111010011010111000101,1920,1920
101111101011111000110100100010100110000,100011010011001001110111001000010101111,1922,1922
111111101100100101101010000010101001100,111110000101001110101110011000011011000,1922,1922
111010111010000010000110100111110010101,100110011011011100000101111001100011010,1918,1918
101110101111111000101000011001011000001,111011001011010100011001011110100001100,1922,1922
111001011111100010111011110000100000100,100101010100011011110010011001011010011,1918,1918
110100001000010011111100110101101110100,110100101011101100001100111010111000001,1916,1916
111011101110010011111000010100001001001,100011001011000101011101011000100101111,1914,1914
101100111100111101000000010101010011101,100100011010100011110011011000010110111,1916,1916
111100101100011001110000000010111111001,110110001010110010101110100101001110100,1918,1918
111001100001000010100110111101110100011,101101001110101001101100001110111010000,1916,1916
101110010010111110111100101010000001100,101010100100100111110001100111001000111,1916,1916
111111101001100001101001010000011101100,111001000110001110101101010110010001011,1918,1918
111111101100010111101001001000001011000,101001101110001010011100111010001010011,1916,1916
101101110111100100101100010101000001011,110001101100010011111010100100001111001,1916,1916
111110001101110111000010010000101010110,111000001011110011101000110010110010110,1914,1914
100101010111000010010000111010010111111,110111001110100110000110111011001010000,1914,1914
100010010001100001111001110111010110110,110110010000101011110110000111010001011,1918,1918
100010100100101000110101110011111011100,111100101101100010011000111110101000001,1918,1918
100011000001010010110011001101011111101,101100101110101001110100000111011110000,1916,1916
100110001110110111101101100000101000011,110001000101111010010111010001001101011,1918,1918
111011010100000001001111010001111001110,111010011011010000101110110010100111000,1914,1914
111111111010000110110000110100010001100,111010010010111001101000110101010110001,1918,1918
101010111011111010110001000011101000001,101100011011001101101001000111011110000,1914,1914
111011101011011101000011010000100110001,100000011010111101000110010110010111011,1920,1920
111111110110000101001101010000001111000,110010011010100111010101100011000110110,1918,1918
111111101101101010000100011100010110000,110100110011001000111110100010100111010,1912,1912
111111011101001000011011000100001110010,110101001110001011001010111100001001101,1914,1914
111111010011100101011000100000101101100,101010111010011000011011110110000011100,1912,1912
111000101101010010010000010111011110011,100101100011001100011111010100001011101,1916,1916
101011111110101100001011011000001010001,101100010101110011000110110010001111100,1912,1912
111110100000001100001110101101101010110,101100010101110011000110110010001111100,1912,1912
110000110100001010111101100111110110000,101110110001001101001011110100010100011,1920,1920
111111110101010100100111000011000010010,111001100010110110011001010011111000010,1920,1920
111010111110111100100001000101110010000,110101000111100101101000110110110001001,1918,1918
101101110000101111111011100010010001000,110101100011010110100010111000111100100,1918,1918
101010001111011110101100111001001001000,111100011011110100001001101110101100000,1922,1922
111111100101101011100101000100010010100,100101110001000111110110001001101000111,1918,1918
111000000011000111101111011010101010010,101011001000111011001001111000100100111,1920,1920
100010010011001000010111000111101110111,101101010001000111110100101001101000111,1920,1920
111100111000101111000000100101010011011,101101011011100010001111001101100101000,1912,1912
101101110101001101000100001011000111110,110010000011011101001110010100110001111,1924,1924
101110111100110011000001100001011011010,110101010000101111110000110100100110011,1916,1916
110010001101101011101011110011100100000,110101010000101111110000110100100110011,1916,1916
110110111000111011101101100010100000001,111010011011010100001111101001010011000,1922,1922
101001001111101011111100010000011001100,111100010010101101001101100011100010101,1912,1912
111111110101010011001100001110000010010,100101101011001110001001101110100001110,1914,1914
111011101011110101001110011011000000000,101001101011000101111000010110011101001,1916,1916
100101100000011101111011101011011000001,100010011110101011001000011110011010101,1918,1918
101000000110001111000100111011111011010,101011011010100010011110010011011100001,1920,1920
111000011000100001011001101111010110011,110010001111011010010000111110101010100,1918,1918
100100100101000100111000101001011111111,111000100111001010101100111010011000011,1918,1918
100111011111000110001001010000101101101,101001010001011101110100001110001001111,1918,1918
111111110100100010010010001110100111000,110101000011111100011001010100110101100,1916,1916
111101100111011110001101010100000100100,110110001111000010101101111001001000101,1910,1910
110010010000100011110010001011111101011,101001101101010011100100011110011101000,1910,1910
111111101011011000001000101010110101000,110001111100110010010110110001101110000,1920,1920
101100001001010001011110111101011001100,101000111111010000111001001100111101000,1916,1916
100101100011011110111101010100000001101,101001110001010011110100010011110010011,1914,1914
110111111010101101101001100010110000000,110001110010001110101110010110000101110,1918,1918
100010101111110110111000100001101000110,100101110000011101110011000011011011010,1914,1914
111000111011110101001000001001001110110,110010001111100010110110100010101111000,1916,1916
110101100111110001001110000000100111101,100111010011000101011011011010100001110,1918,1918
111111110011101011000101101001001000000,101101010001011101100110001110100011100,1916,1916
100000001011000011110011010101111011101,110010010011101101010000110111000111010,1920,1920
101000110111101100111110100010000101001,111000010110101011101100100001101111000,1914,1914
110110111011110100001101100010100000101,110001100011010010111011100000110110101,1916,1916
101110101111001111001010111001000010000,100011011110000100101110110110010001110,1920,1920
100000001010100011110001101101101111011,111100010010110011001101010111000010110,1910,1910
110100001111011110111010100100001100100,111000100111110010001010011110101100010,1910,1910
111111110010111001110010011010000100000,110101010011010011001111010000110101001,1918,1918
111111110101101011000010111000100010000,110010011010111001010100110110000111100,1920,1920
101111101111011010000010011001001110000,110101100010011110101000110100111000101,1922,1922
100011101111011101001011010111000001000,110000011101101001001110100011100101110,1918,1918
111111001100000011000010110111001010011,101101100100101111000011100110010101010,1920,1920
101100010100000010111101111100110101001,110001010011110001001110110000110110101,1920,1920
111111100111101100001010001011001001000,100001011001100111010101100001101011110,1914,1914
111111101001100111101000110000010100010,110011100110100100011111010010101100010,1918,1918
101111001001101111111000101010000010010,110111000110100110001111010011100100010,1918,1918
100010001010001011010110111011100110110,110001101100000111111010100100001111001,1918,1918
111111100011010111110011010000010100000,110011011010101100001101011100101001100,1918,1918
111111110111000101001101000100101010000,101001100010110110001101110000101100111,1914,1914
111111101011011001001100011000011000100,111000101000101111101000110101001010011,1918,1918
101110110101111001110100000011000110010,111100011011001000101101101111000001010,1918,1918
110111001111101100010010000110101000101,111101001001100011100101110100101000011,1920,1920
111010111110100110111100010100011000000,110101111010000100111011010011010001100,1918,1918
100100010110000001110010110010101111111,110001101110010110100010101111001101000,1914,1914
101010111110101111001001001101100000001,110001100011011010101110010100001111100,1916,1916
100000111110110111011100100001000011101,100011100001101010111010100101001101101,1916,1916
111101101011000000001110001110101011001,100111010001101101101100001010110111000,1922,1922
111011111000111000100001001010110110010,111100101011100101001001101110111000000,1918,1918
100001100010001100011011011110110101011,101111011000001101101100101111000001010,1922,1922
111110101110011010111100000001010100100,111010011101000110001110111001001001001,1920,1920
100001000100010111110110100111011100101,100101010010001111110001010011011000111,1916,1916
110011110001101110110000000010110010111,101001100011011110001010101100010110110,1918,1918
111110110100101001100000110101000110011,101010001101000111110100010001111001101,1912,1912
100001110110111101110100000010010100111,110001010111000110010011101101000101101,1922,1922
111000111111001101111010000000110101000,100101000101110110110010010100101110011,1920,1920
101011111011101101100010001000111100000,100100110100101011110001110001001110110,1916,1916
100001001001000110001101110110100111111,101010101111001011000100011111001011000,1922,1922
111010111110111001001000011001101000001,100111010100001011011101000111010010011,1916,1916
101011111011100011110101000110010000100,101100010111001011011001000011011111000,1918,1918
100011011011000110000100101000110111111,100100010111101100010110000111010101110,1920,1920
111010000111000010100110010001011111011,101011100011101101001000110110111000100,1914,1914
100010011100101011111001111010100100100,111101110010001110000110110111010100000,1918,1918
101101110111100101001001010011000001011,111111000100001110101100111010001101000,1918,1918
100101111110101101101000011000110001001,101110110010111001000011101011110000010,1914,1914
101001010100000101110001001011011111011,100011101100110110001000111101101000011,1914,1914
111101010010000100010101100111110001101,110110010000111011110000110101001110100,1916,1916
111100001010010011001111111011101000000,100110101010011011010110000111010110001,1920,1920
111111110100011000010100100011011101000,100101011101011010000111001101101100001,1918,1918
111000011111101111001000100010001011010,110110100110001101011101000110110100001,1914,1914
110001111010110111101000111011100000000,101101011101000110100100110111001101000,1922,1922
101010110111111001000001100001100110011,110101011000011011010110010111000001011,1916,1916
111110011011010100111100000000100111100,101101011001100010011111000101001101010,1912,1912
111111101110000100100010100011111000010,110011000111011010010110010101001110100,1916,1916
110001001111101101101001111010100000100,101001110111000011100010110111011000010,1918,1918
111111011001110101101001101000001010000,101101010100111000100111101110000011001,1914,1914
110110001100001000010110110111010011101,101001000011111010001111000101001101110,1916,1916
101110111110101010001101100001100000101,100111011000001101111010001110010100101,1922,1922
111111110010101000101001000110010111000,101011000100110011110010110110000010111,1918,1918
101110101011111100111000001010011000100,101011000100110011110010110110000010111,1918,1918
101011001010110011101101111100101000000,111111001010001110001101011001101100000,1916,1916
111111111010010011010100001110001000010,111001001110100011110010101001101001100,1922,1922
111011001111010111001000000010111010001,111010110000101101101100110001010110001,1914,1914
101100000100010100110011110100111101011,100000111110101001010110000110110111001,1916,1916
101111010011110110000010001001101100011,111000010101001111011000010101011011001,1924,1924
110101001010010110011110111110110000000,100101110100010011110011000101110001011,1924,1924
110101001010010110011110111110110000000,111010011011001100111000101010111100000,1924,1924
111111100111100100101011000010100010100,111010000101110110110000011010111001100,1920,1920
111101110000101001000100011111000011101,101011001100001011100110110101001001011,1916,1916
111111101100101010000010010111001010100,100100010011110001110100100111000110111,1922,1922
100110100100001001010101111011001111100,101011111000100011101001110011101000001,1926,1926
101011111011111000001011011000100010001,101100110010101011011000010111100011100,1918,1918
111011010000001101000101011001100111011,111010010010101101110100000111100011100,1916,1916
111111101001100111100101010000100010010,110011001001111010011010000111101010001,1916,1916
111111110100010010000101001011110011000,110010111100100110110000111010101011000,1916,1916
100000011000100101011101101011001111110,111001101111000010101100101110100110000,1920,1920
101010101111001111001011110010000001001,101010001101100111011010000011011110001,1916,1916
110100111100111011000000100010101101101,110001000111100010110111010000110101101,1918,1918
111011011110000010011010100010001101011,110010100011111001001100001110110101001,1920,1920
110010111010001000010001111001011111100,100101001001011101110001001010110001111,1914,1914
101110111010110101111000000101001100001,100010100011001101110110000110100101111,1922,1922
100010110000100010010111011000110111111,111100100010110101011101000011010011100,1918,1918
111111011011100000101000011011010001010,100110011100100011111001100001101010110,1918,1918
100001010000011001110111010110110110011,100001110100001011110110100100010111011,1920,1920
100001010011000110010101001111111101100,111101000011100110100011110100110100010,1922,1922
110110111000111001000100100101010010111,100011111100100110101000101111001110000,1920,1920
111101100101101110111010110000001100000,110101010001101101110000101001111011000,1918,1918
100000000100011110110001111100110101111,101001101101010011100100110100111001010,1918,1918
111111101100111001000011101001000001010,101001001111000110101001110100110001011,1914,1914
100011001000000101110110000110111101111,101000110101101001011100001101100111010,1914,1914
110001010101001010000110001101111110110,101001001100110001110100111100000101111,1920,1920
100001111011101101001111001110010001000,110110010111000001101111010000110101010,1916,1916
100010001000111010011111110100101100110,100100100011110101110000100111001010111,1914,1914
110011110000000011101001010001110111011,101001100100110111001010110000101110101,1914,1914
111000000111101111101101100010100001001,100110011001101001111000101001010111010,1916,1916
101111001011110110010011000001000111001,101111100011010100101000111110101000100,1920,1920
111111111010000011000110010010100111000,110100010011011101001011010001110101001,1920,1920
111000101111011110001110110100010000010,100010011101110011010001001011110010110,1916,1916
111111101110010101000101001100100100010,111000110101100011100100111101001000011,1922,1922
101101110101101001010001000100011111001,101011011000000111110101100011100010011,1918,1918
110000110111110101001111100110100000010,100010011100111010101100001011001110110,1922,1922
100100101010110111110011111000000010011,100010010110101110001100010111010011011,1910,1910
111110110101011110000000011001011011000,111010011010100011001110110110001010001,1916,1916
100110100010001011010111101011110110000,100010010011110101110000011011000111011,1914,1914
100100010010111101011101001111110000001,110101101110001100001101011101011001000,1926,1926
100111110010011101111110010000100100100,111100010001110101011100101001010111000,1924,1924
101110101111100011111001000011000100100,110011110010000101011110110010001101010,1922,1922
101111101011100011101111000000100100100,101110110000111001010111001010110001001,1922,1922
100100110000100101011101111100111001010,110011000001111010100110101100000111110,1922,1922
111111101100110000110000101001011101000,110110100101000101110100111011000100011,1910,1910
101110011010100011110000000010111010111,110100100100111011010011100010110001101,1920,1920
110111011111011010000110110100000110000,111001001110100010101110011100001010110,1918,1918
110011110110010111101100010000101000011,111000010011101100101110100010100101110,1918,1918
110110100111111101010000000110011010001,110100101110000110111010100110001101001,1914,1914
111100101010111111001000110000001001101,100011010011010111000010111000110110101,1916,1916
110001101111101110100000110100001001101,101011001010001101110010111000010100111,1916,1916
110011111001101011011011101000000010100,110000011101010010111010110001001110011,1924,1924
100110100100011100100001010010111011111,110001101100101010100110111100001000111,1918,1918
111000001100001010110100110111101110100,101011111000100011001111101000100110100,1920,1920
101011111110101001100011011000001010001,101111010000011011100101100111000101100,1912,1912
111110101011011110011010101000110000000,100010010010111101100100110001110010111,1922,1922
110001000111011110110110111000001100010,101010000110101011110001001101001001111,1920,1920
110010100011100000001011110110111010110,101110000101001111010100110000111011001,1914,1914
111010111111100010110100110101000000100,110001100011110010011010101100001101110,1918,1918
111100010011100101000000101011110110110,111010000011110010111001101000110011010,1914,1914
111111101101010000011100100100010110100,110001000111010110001111000100110101110,1916,1916
111100001000010101001111111010110011000,110010001110100010110110110010001101011,1918,1918
101001010011100010111111101100011100000,111010001001001111101000110011001011010,1914,1914
100111000110101000100000111100101011111,110110000101011011101100100010011110010,1922,1922
111100011111100100001001100000110111010,110101110001010010110111010100001100110,1916,1916
111111111010010011001101010000001110000,101100111000111001000110110110100101010,1916,1916
111111110110000101010110001000100110100,111001001101010010110111000100011110001,1918,1918
101110111110101011001101011000011000000,110001100010111101001001110100001101101,1920,1920
111111101101010111000111001001100000000,101101100100101011100010110110001110010,1920,1920
100010110010000110101000100101110111111,110100001101001110001110110010001101011,1920,1920
101111011000001101100001010001100110111,101001001001111110001010010101011100011,1914,1914
111111011101100101001001110001000010100,100100110100011111010000101110101100011,1918,1918
101010011110000101110000100000110111111,100011001001110110010010110101010110011,1916,1916
101111111010111010001000010101110000100,110110011001100011010110100011110000110,1922,1922
111111101011000001001100001011011100100,111010101110000110100110011110101001000,1918,1918
100101111000001001000110100111010111110,100110000101011101110001001100101001111,1920,1920
111110110100000100001110010011111001010,100010101110110010001100101111000110101,1912,1912
111111101011110000010000110011010110000,101110001010110011001001110110100010110,1920,1920
110111011111001110000000111010001010010,100001100101011010110011011000010111011,1916,1916
110100111100100001010001100101010110111,100110000011011011110010001101010001111,1914,1914
101011101011111110001001001110001000100,101100111000011011000111101010000101101,1920,1920
100000010010011101011011101110010110011,101001001010001111110010001010111000111,1916,1916
101010111111001011010111000001100001001,110011011010000100111110101000110001110,1914,1914
111001111011011100101110100000101010000,100001001001110111000110101001001101111,1918,1918
111010111110101101100011000101100000100,111001000011011010101011110000100110011,1914,1914
111111110101101010011000100100110100000,101101010100011001110111000011100001101,1916,1916
101011111011100011100001001000101011100,111110000011010011101100110010100100101,1920,1920
111111011100000011010011001000011010110,100110001011101010001101110000111010110,1922,1922
100010110100101000101000110001110111111,110100010110110011011100100001011111000,1914,1914
101011001101000110000000111011101101101,101100010101010011110001111001000010111,1918,1918
101000100100001011110110011110011110010,111011010001101010001011111001100100001,1914,1914
111111011011000101000011001000111010100,110100110001111101000100101011110110000,1914,1914
101011110101100111101110010000001101000,110110111000100110101001111100001100010,1924,1924
111111111100010110000100101001110001000,111001011010011001011100100111010001010,1922,1922
101101101111001110100000010001011101100,100001101011000011110101011000100111011,1916,1916
111111101101110100010000110101100001000,100111010100011011000111100010110101100,1922,1922
111111011011101000101011010000100011000,110110101100011101000101100111110010000,1916,1916
111010111110001011110110000001001010001,111100101010011001001111011001010001100,1914,1914
110011101111110101001100000010110110000,111010001001101110101001011010001110001,1916,1916
100011001001110011111101001011101100000,101001010100010111110010010100011100111,1916,1916
101110110111101001101100100001100010010,111001000011100111001011110000010101011,1918,1918
100001100011111110011110010101001100100,111111001001010110001010111011001010000,1916,1916
100000010100110010100010110111001111111,111100011101000011010110110011001010100,1922,1922
110001100010001101111110110110100100010,110101000011011110100010111000011100101,1922,1922
111010110001100001000101110001011110110,110000011111011010010000111011001101010,1918,1918
100001001011010111001111110100010111000,110000011011011101000110001011110011010,1918,1918
110011111101100101010110010000110000101,100011101101010010001011111100001101001,1916,1916
111111001111010010101110010100000001100,111001000111100101001101100110100010101,1926,1926
100111011101100010110110000100000101111,101010010010101111100001110001100110110,1916,1916
100001000100001110110111000111101101101,101000110011010001110101011010000101111,1920,1920
111110010111101100001000001010111001100,101000010101110110010010110100011110011,1916,1916
100101000110000001110011011111010101011,111110110100001011010011100110110010000,1924,1924
101000001111110111100110010110101000100,110100110101011001000111001111100001001,1916,1916
101110111110110011000010110000101010100,100110010000111101110001011010010001111,1918,1918
111001011111001101001100100010000101101,101000001110101011001110010000111010111,1918,1918
111001111101001010110001000100010111001,111001010111000001101101110100100001101,1918,1918
101111101101000001000010111001011101100,100011010110001101011001110000011101110,1916,1916
101110111011110110100001000111100000100,100100011010101011001110000110110010111,1916,1916
110111100010001101001001000110010111101,101001000011101011110000011101010011011,1920,1920
110010000100111001011111100111100010100,111111010000110100110101011100101000100,1916,1916
100110111100110111110001000001100010110,111101110010001101001010111010101100000,1914,1914
111111111001000100100101000110011101000,110001010111100011101000011010110110010,1920,1920
111110111101000010010010100011010111000,100110001101110010111010000011101110100,1920,1920
111011101110011010001011010000000111100,110001000111110010110010010101001111010,1918,1918
111110111011110010000101110001001000100,110001001111010100101000111100101100101,1918,1918
111111001100000110000100111001101101010,111001010111101000001110101110100100100,1914,1914
111001100011111101101010110010110000000,110011010001001101010111101000011001011,1916,1916
100011011010011111001101011111000001000,101010100101100011011110011000001110110,1916,1916
110010011110000011000100100110101111011,101111100010000111101100110010100101010,1918,1918
111111111001010110001100100101000101000,101000110100101111100000110101110011001,1916,1916
100001100001010010100110011101110101111,110110000011011110101100000110111010100,1918,1918
101001100011011110101111100100100110000,110000010111011110000101100011010101110,1920,1920
110000111011110011111010100000001100110,101101101010011001001111001010111000010,1914,1914
101110111110101000110000110000110110001,101000101101101110010000011111001010110,1924,1924
110000001110101011000110111111101010000,101100101100001101111000101011010011001,1922,1922
100000100001001111110101111001100010111,100010110011101001001101101011000101011,1924,1924
111010111011011101011000110110010000000,110111001110000101011011010010111000001,1916,1916
101110101110111000100000010011110100101,110110010010101011011100001111000011001,1914,1914
100111001011110010111110110010001010000,111001010001101011111000010001110110010,1916,1916
100001110110000001000110110101110101111,100010110101111001001000111001101011100,1914,1914
111101101000001000001111001101110100110,101110010001111001010001110101101010001,1918,1918
101000011000101000010111010111100110111,100010011101101101000001110101100111100,1916,1916
100000011101001001011111101011100110001,101011000001101110101011000100110100111,1918,1918
100000100110101011110111110010001100011,110001001111110000101010011010110110010,1918,1918
111111110100001000101000011110100110100,110001001111000110101010011010011001110,1920,1920
100111111000100110101000100001011010111,110111000011010100011110111000100100110,1920,1920
111111010110101101110001000100100110000,101001000011110010111011000100011101011,1918,1918
111110111101000010011010010010001011100,101000110010101111000101110001000111101,1918,1918
111111010101101001111011000000001100100,100010111010100110011100101000111100101,1916,1916
101000001100100011000111001010101111111,110010011011000011110011010100100101011,1920,1920
110110011010110111110000011000001000111,110010101001111010001001110011101010010,1914,1914
100101111100101011100100000010011010111,110111010000110001111100110001010110100,1914,1914
111111111001010010101100110000001011000,101001011101000101110110001100011101001,1918,1918
101101100100001010100000111111001110101,110100011001010011101110100100001111001,1916,1916
111111101101101001010100100011100000100,110011011101001010001110111000101110000,1918,1918
110100010110111100111110101010000001100,100110001001101011110100001110010010111,1920,1920
111001010111011011101101000000100101001,101101100001110100011001111100010001110,1914,1914
101011111101100000110110010100000100111,111000101011100011011100100101001110100,1918,1918
101010111110011111010010010001100011000,100100011011101101000001111001010111100,1914,1914
100101110100001001010001001111011111001,101001100010101100011111010000101100111,1912,1912
100101110100001001010001001111011111001,110001011110001110101000010110111100100,1912,1912
111111101001011100101010000001100111000,101100000111010110110100110001001101110,1918,1918
110000110100000010110101110111011010011,100111011100011001011000101110111010000,1920,1920
111111110110010000101101000011000111000,111010000110111010110010010101011100100,1918,1918
101010011011110111101010100001101100000,110011101100000110111100110100001110010,1920,1920
101111111010111000101100110000100110000,100101100100111101011000100011111001010,1916,1916
111111101101100101010100110001100000010,111011011000011011100010110101001110000,1916,1916
111111011110010010001000101011100010010,111011011000011011100010110101001110000,1916,1916
100011111011011100011010110100000001011,101101000101100110111100010001011100110,1914,1914
111111011110101001000011001011000100100,111011001000111011000011110010101010001,1924,1924
101010000010000101110011101111000101111,110001101101000011101011100100101100110,1914,1914
100110001111011011110010101000000001111,111010001101001011101100011010011001010,1916,1916
101011111011101001110011010000011010000,101100011000010111110010011001010100111,1914,1914
111010101011011111100101001100001100000,100111011100101001000111110110000101100,1920,1920
101110111110010111101000101001100010000,100111010001001011110011001011000010111,1914,1914
101110011101000001110100100000101101111,110001011001100111010100110100001111010,1916,1916
100010111011000010000101010011110011111,100101101110011001011000101011111000100,1914,1914
110101010110011111101101000010000101001,111110000110100110111000110011011000010,1926,1926
101111000000001001101101101011110011010,101100010111100101011001100001110111000,1914,1914
111110001100000011010100010110111011010,111000010001111101001100110001011011010,1916,1916
111010101011110111110000001000110100100,110101110000110011011000111011000010110,1916,1916
101000011001010001001011010001110111111,100101110000011101110010110001001101011,1922,1922
101110111011101011001001010000111000001,111000011010100011011101101001000011110,1914,1914
100000000111010010110100111101110101110,101100011100110011101000010111011011000,1918,1918
111010101111001110101100000001011001001,100110101001000111110110010000111010011,1920,1920
111111110111000101100110100000111000000,110100011001011011010101001010110011100,1922,1922
111110110100100110000011001001110010101,101010100100011101110001110100100001111,1922,1922
101110111101101101010000011001001011000,100011010100110001110101110010000011111,1914,1914
111111101101100001000101101000011100010,100011011011100001010101110011000110110,1916,1916
111011110111110010000010110101000100100,100010111100100011110010101001101100011,1924,1924
111110100001010000110010011011111011000,101011011000101010011011110100001100011,1918,1918
111111011001011101000011001100000011010,110001001010101111001010011000110100111,1922,1922
100110001110100011010000100010101111111,100101101110000101101110010010111000101,1920,1920
111001101011111000001011000000110011110,101001001110101110100100010111001110100,1924,1924
101111000111010000000011010111011001011,110001101101010010001110110101100100011,1918,1918
101101100110111101110001001010010000011,111010111010100010010111100011110000100,1928,1928
101000111010111001000100100001001111111,111010100111010010110010110001111001000,1920,1920
111111010000110001011100000001110110110,101101011000101011001111000110010101001,1922,1922
111111100011011101011100000100001101000,110001000111011010011010010101001110110,1914,1914
111111110100001011010000100110100011100,101101100111100010100011011100110101000,1914,1914
111110110010110110001110000001001010110,100111010000011101111000101010110001101,1920,1920
110000110010000010111101011011011101010,111101001101100010001110111100001100010,1916,1916
111011111010100101101001100100001000101,101110001110001011100010011111001000101,1920,1920
111001101001101111100101111010001000000,110101100011010001101111010000110010101,1916,1916
100100010000111011111001111001010110010,101011011000111010000011111011001000110,1922,1922
111110001100110111101011110010100000000,100110101010111001001101001011011100001,1916,1916
111111110110100010011100000111000100010,110101110011000101101011010001110100100,1916,1916
111010111101001011000010100010001111100,111111010001010011001011011100110010000,1922,1922
100101111101011001000101001010000101111,110011011000100011111001110000100110101,1922,1922
111011101100111010100010110000010100101,110010010010011101110001110010100001111,1918,1918
111110010011101110001100000100100101101,101011001110000011111010011000101010110,1918,1918
111111111100010110101001010100010100000,100111000111010010011011011000110110001,1924,1924
101100110111101110101010011100001100000,100011010110001001110110110100000101111,1918,1918
111111110100010001000100110100111110000,110101000111001011001110010100100111010,1924,1924
100101101011101101110010011000000001111,101000111011100101000101110001110110100,1924,1924
111001001010000010001111011101001101110,111000010111011100001010110100111100100,1916,1916
111110010100001001101001000110011111100,101010100010100111110010001110010010111,1920,1920
110111011111100001001010011000010101100,101000110001011011110001011001010001111,1924,1924
101110111010111011010011100000110010000,110100100100111011110000001110011101010,1920,1920
111111111100100011000010101010010110000,111010010011101100001110011010100110010,1918,1918
100110110000101001001000110111100111110,101110010001010101110010111100010000111,1928,1928
110010011110111110011000101000001010110,100001111110001101000101101010110011100,1920,1920
110010011110111110011000101000001010110,111010010111010000101110011110100001100,1920,1920
100001010101010000110010010110011111111,101001110000101101110011001011000100111,1920,1920
111100000000101011001101100101110111100,101000111101001010010011110101000110011,1922,1922
110001000001010110111011010101111100001,110011101110000010110110110110001011000,1918,1918
111111110100010100100000111001011100100,110110010010100101111000111001100010101,1910,1910
111101111110001001101001000011010100001,101011000110001111100110010001011011010,1920,1920
110000011110110011010110111101101000000,100001011001101010101011001100001110111,1922,1922
111111101010110111000101011010000001000,110111000111000110010011110100101100100,1920,1920
111110011001001011000010100010101111001,111101100110100110001101010111101000000,1920,1920
100101101111001101110100000001010100111,100001011001100110101110010000111101011,1918,1918
100000111001010100011111110101101100100,100101001001100111110001000111001010111,1918,1918
100111100101101010110010000000101110111,101100011010100011111001000101101110001,1920,1920
100101011111001011110111000001001100001,101001100010011011110010101001010001111,1918,1918
111101011100111011000000100100101110100,101100010110011000111111000010010101110,1914,1914
100111101100111111000000100010110010101,101110011000011011010101101011000001110,1916,1916
101110110110111101010000000011100111000,110010100110011011101000011110001011010,1916,1916
111111101110000110010100010100011011000,100101010110001001110110110100100001111,1920,1920
100110000100100011110000010111111011011,101001000111001011011010101000101110011,1920,1920
101101101010110001110001100000001011111,111011000111010010110100010111011001000,1924,1924
111011111010111001001001110001010000001,110010001111101000101101010010110011100,1916,1916
111011101011011011100110010000010110000,111001110000001111101100101010010101001,1920,1920
110100011100010010010011000101110111110,111100000011100110101101011000101010011,1920,1920
111001110111001011011010010000001010101,110001000101110011110000101110010011011,1918,1918
100000001000111010110110101111000111101,100100010101111000110110100010110011011,1916,1916
111010111110100101101110011000000010100,110001011011100100010111010110011000011,1916,1916
101001011011101100111111000100100100010,100000111000110101110101100001001110111,1922,1922
110010001100101011111001111011100000010,101011000101100011011010111000001011011,1920,1920
111011111010001010110100010010000111001,101111001101100010101100011011011100000,1916,1916
100101100000001101110000100110111011111,111010100110100111001010011110001010100,1918,1918
111111101100110000010111000010010101100,101101111000011001101001101010111000010,1916,1916
111110111101110000010100110010001101000,100110110000111011010101000011011110010,1914,1914
111101010100101011001010000010011011011,110001110001111100000101101110010011100,1920,1920
101010101111111010011000011000100110001,101001010110000111110110000010110110011,1920,1920
111011010100111000001101100000100101111,101000110001101011101000111001010011011,1918,1918
110111101101110010001011101000000100101,110100011110001010011010110110001100011,1918,1918
101110011010111011010111000010000001101,100010011110100110001010111011010000111,1916,1916
111010111110001000101001100001011001101,100101000100111011110000110101001001111,1920,1920
111101101011100011000110100001001001101,111110101010001101001011100110111000000,1918,1918
111101101011100011000110100001001001101,101010101100001011110110011000001111100,1918,1918
111011011111001011100010000101001101000,101010001100110010111110000010011110101,1920,1920
111110010100001100110000010111010011101,101110110100101001001111100011100100010,1912,1912
111111101100000011000011100100101101100,100101010011011110001000111010101001110,1922,1922
111111101011001110011001001010000101000,101111000100001111101010011010001101100,1916,1916
100111110011010110101011100000000100111,100110101100101011100101100010011111000,1918,1918
110011101110100110110010100000001101101,111101000010101101011001110000111000101,1918,1918
101000101111011111001110010000011010010,100100100111010001110111000100101001111,1914,1914
101111011101010011110000011001001000011,100101000011111011000110010101001101110,1916,1916
100001011111101110101100010000110100011,100110110000101011111000100110011010110,1920,1920
111111111001101010000110000101110010000,101101001101000110100111010101100100011,1914,1914
101011001111101011110010010001101000001,111001000011001110100111011000010101011,1916,1916
111111110110011100001010010101100000100,110100111100001011101010100110110001100,1920,1920
100101001101100000111000010001101111111,111001101010000111100110101011001001010,1914,1914
111111011100000001110010001011001011010,110001101010100011100110111001001001011,1912,1912
101011001111101101111000010000111001000,101100111010101000010111110010010110001,1908,1908
111101111011000010001101001000101110001,101100111010101000010111110010010110001,1908,1908
111011001011111110001100101000101000010,101101011011100100001100111110001101000,1920,1920
111010001011111110011100110000001010010,110111000011010100111010011100100100101,1912,1912
111111110011100100010001011000101101000,100011000111010011010110100100010111110,1920,1920
101110111010111101100010001000011110000,101001000101110110100110001101000111101,1918,1918
111011111011100100101000100100111000100,100011000011110110100010101101000111110,1920,1920
111111110100101000001110010010100011100,110010011011100101010001110111000010110,1924,1924
111111010001110111110001101000001000100,110101000110101100101110010010110001110,1914,1914
111010110101001111110000001000101000111,100110001100110110101001101001101000111,1918,1918
101011111100101111001100101010100000100,110111101000001101100111100011010011000,1922,1922
101011111010111011000110110110000010000,111010001101101110000100111100101011000,1920,1920
111111101101001000101101000011001000110,110100010011111001010001110101001110001,1924,1924
100100010101110101111000111101110010000,110101110010011010010100111111000001100,1918,1918
101000001100101010110000111111101110100,100010010110011001110010111000100101111,1918,1918
111111110101110010100001101001001100000,101000100111101011001000111001101010011,1916,1916
110111011111001100101001110100000001100,111100011101010011010010010111101010000,1920,1920
111000100011010000101100100110101111110,110101110000001111010110010110100011001,1910,1910
100010111101100110111110001011100010000,111101011100010010110010110111001010000,1916,1916
100010001000100101110010100101111101111,111101010011001001111001000111010110000,1920,1920
110101110111111000000101010100110000011,100111001001010110100111100100100110011,1922,1922
101001011000011001001100010010101111111,111000101011100001101110110000101011001,1918,1918
100111000011111111001101010100110001000,100101101101100110101000011101011110000,1918,1918
110111100111100111001010110010000001010,111100010011001011111000100010111010010,1922,1922
111111101110100110001000011110000100100,100010110010110101010100111001000111101,1918,1918
100011010111000110111011111100000100100,101110011000101010111100001110100100101,1912,1912
110001000011010110000001110111011111010,110101011001001001111100001110010101100,1922,1922
111111101001111001000010001101001100100,101010001100101111001110000010111010101,1918,1918
101111101110111000101010010101100000001,111100001011011011000101110001101001100,1918,1918
100011100111011001000010100001010111111,101101001101010001110100111011000001101,1916,1916
100100010000111011111100100111101010100,100011010111001110000011110100110101100,1914,1914
110100011000001001011101000011110111101,110101000011110010101110011000100110110,1912,1912
101110110100101001000000101111100111010,110011011101000110000111110100100111000,1910,1910
100011001011111110101100100011001000011,111111001000101100101101011100101010000,1918,1918
110111101100001100010100001011101001101,101110010001100101111101000001110010110,1914,1914
111111011100110100110000010010101110000,100010001101100111101000101010010110111,1916,1916
110001011100111110110101000100000010111,111010110100101001101100110001110110000,1916,1916
111100110101100001001000101101100010111,111001000101010110101100111000001110011,1918,1918
111001000101000001001111011101100110101,110101001110011110000010111101001101000,1916,1916
111001101100000010101100010100111101101,110101111000001011100110101110010010001,1916,1916
111101010010100100100010001111011100011,110010001101000111110011010001010011011,1920,1920
110110001101110110111110001010001010000,100000011110111001010001101001101011011,1918,1918
111011101010110111001101011001000000001,100011010011001011010101100111000001111,1918,1918
111111110010011001110010010000001111000,101011101010100110010100111010110100001,1920,1920
110010011101101111101100000100101000101,101001101110000101011011110000110001110,1920,1920
110101001100000011011000101001101101111,101001101110000101011011110000110001110,1920,1920
100100100000111001111101100011111100010,100011011001110101010100100011110110100,1916,1916
101011010001001001110000001110011101111,110011001010101111001001001010111110000,1914,1914
110110101101111110000000110010001110001,100011101011100010110010010111011010100,1914,1914
110101101000100000001111110001011101011,100011000111010110010011011000110110101,1918,1918
101111101010101100110000001100011100101,111101011011000010101100110110111000000,1920,1920
110000111110111011010100100010000011110,111010101110001100100101111010010011000,1926,1926
110011010011010000101110000000111011111,111000101010011011011000110101001011100,1914,1914
111111101100011011010110001000010100010,111010100011001101101100101000111100001,1914,1914
111000101111110111100000100001101001010,100110011110001001110101000110110101100,1920,1920
100001100111010111101001111100100100001,110010001101010011011110100000101110101,1922,1922
100110001101000000011010111101100101111,101010011101110001011001001101011110000,1916,1916
110001101111101110000010100000101101110,101101100101010010101110011000111100001,1918,1918
110000010000101011011101110001111011001,101110101100001011011010001111010001001,1918,1918
111100010011000010001001111010111001011,111010101011001001001110011110100100001,1918,1918
111111111001001011100001010100010011000,110101000011100101101011011000011001101,1912,1912
111110101011001111101101000100011000000,101101000011001110101011010000111001101,1910,1910
101101010110001001110000100001101101111,111100001100011011110100010101011001001,1918,1918
111011101010111100011110110000010000100,101101001000101111001101000111010010011,1914,1914
101110101011110111100001110011001000000,101001010011000111110100011001001011011,1916,1916
111111110011010100010010010001111000100,100111010001010010111110001100010110101,1918,1918
101011101011111101100010100001111000000,100111000111011010010010011101100110010,1920,1920
110111101110101100001001011000001101100,101110001000101110111100000111001010110,1914,1914
111010111110111100100001010100110010000,110100111011000101101100001110111010000,1918,1918
111100001111101010001000000110101101110,100001110111000110010110101001101100110,1916,1916
111000111111010010001010000010110111001,110110111000100011011011100010101100010,1916,1916
101010111011110001101111100000001100001,100111101000110010011101101010100100101,1918,1918
101111101111101000110001011001010000100,101010001101110010001111001011001000111,1918,1918
111011011100111001010001000010110100110,111111100001101000111001101101010100000,1918,1918
111111011100000100011010100010110010110,110100010111101001001110011000101111000,1920,1920
111100101011100111110110100010001000010,110100011100101001111100100010011110100,1918,1918
110011110010100110011000000010111101011,101010011011011001010100001111110001100,1918,1918
110010101100010010010010001111011100111,101110101011100011010000110111110010000,1920,1920
111011111010110010011100100010100010001,110100000111111001001100011100101101010,1918,1918
101000100100011011110110111110001000101,110001000111010011110001101010001011011,1914,1914
111110001011100010001000011011011010101,111011001011000110001111010110100000110,1918,1918
111100111101101001000111000010100001101,101110101000100110111011010000101110001,1918,1918
111111101100011110011100100100100001000,101110010011101011001001010101011110000,1924,1924
111011101010011111011001001010000100001,101111001101100010011010111000111010000,1916,1916
100001110111011010010111111010010001000,111010111000011011010001110110001101000,1918,1918
110110111110110011010100000011001110000,111101011011000010101110011010101100000,1920,1920
111110110011101011000000101010010110010,110011011010001100011101011110000001101,1920,1920
111110111100100101011000100001001111000,101110010101000011110110010110010001011,1918,1918
101110101110011100111110100100001001000,111100100101000111101010011001101000011,1914,1914
100111111100101011000010100010010111001,100000110100110101110011010000101110111,1916,1916
100100000100001111101111000110111010101,110100001110110010011010110101001100011,1920,1920
101100010000111101101101101101110010000,101010101000010111110001110001001100111,1926,1926
110011101111100011011010111001000000010,101010110000111011011000011011100010110,1918,1918
101100110011111110100101101010000101000,100110101000100111110011010000011110011,1918,1918
100011010100010010110001001010011111111,110000011011010111000100110110001110101,1918,1918
100101101101110010111111001000010100001,101010101000110110001111100100001100111,1920,1920
101111001111100010001010010011001000111,101110111000001011010111100010011010010,1920,1920
110010111110100110110000110000001011101,111100110000011101110101001010010101100,1922,1922
111111011101100101101010110000110000000,111100101100101011001100101011110001000,1916,1916
100101111011111010001111000010010101000,101110001000110111101001100001101100110,1916,1916
111010110101110110010100010000001111100,101010010011111001000110001111100101001,1914,1914
110101010111001111111000010000100100110,100011011001110010011110000101011110010,1914,1914
111000110010100001101000101001110110111,110000100011101101001101100010101001111,1916,1916
101000110000000011110011111010011010111,110010010011110101001001110011001010101,1918,1918
110000001101010000110010110001111101111,101110001001101010101101100110000110101,1916,1916
111111110011010100000010011110001010100,101010110001100101111000011011010011001,1912,1912
101000110011111011111001001001011010000,111001100010011111001010100010111101000,1918,1918
111111101010001001100100110000100111100,101000011111100011000101101011010011010,1914,1914
111110111110100110011010010100011000000,110101010110001001111101000011010011100,1918,1918
111011001110101101101100011000000001110,111010010110001101010100111110000011010,1916,1916
111101101011011100001110100000100010110,101101110101001001100111000111110001000,1918,1918
101111101111100010110000001100111000100,101010110110101001001101100011101110000,1910,1910
110111101101110110001000111000101000001,100101001011011110000010111001011101001,1920,1920
100100111001110000101000001101010111111,110110100010011011101011000010110110001,1918,1918
111111110110000110010010001100101011000,100000111010111001010100011011010011110,1912,1912
111111111001100110001101000011100000100,101001111000100101110101011001001011010,1920,1920
111111101010101100100010010001110010100,111001110110010010110000111111001010000,1914,1914
111110011011110110000001100010100110100,111001010111100010100010111101101000100,1922,1922
111111011001111010001011100011000000001,100101100100111001010110101010011010011,1926,1926
111111011100011000110110000001100101010,110000011101001011011100101000101101101,1916,1916
110001011011100110111101010110100100000,100110111000111101000101000111110110000,1918,1918
100111011100101111100100000010010101101,110000110010110111100000111001101010101,1916,1916
111110101111011100100010100101100001000,111001011110000010111010111001001001100,1916,1916
100110001101111010111101100000100000111,101011011010011001001110100011110101000,1914,1914
101001000101000110111100111111001001100,100110100101011111000100001111010111000,1922,1922
111000000010100011110001001110111011011,110001100011011101001001011010101100101,1920,1920
111110111010110011010110110000001001000,101010001110100110001111100001001110101,1912,1912
100110000100011011000100010111001111111,101000101101010110100100111100001101011,1922,1922
110110011110000010001000111101001010111,110001101010101101101000011001111100100,1916,1916
101001101101000110111110111100010100000,111010011001100011101000111011010000101,1918,1918
111110001011101000001100010100101101110,101100100001011101110010100100111000111,1918,1918
100110000000011011001111001110011011110,110100010101101010001111100010100101101,1918,1918
100111100110111011110101000010011010000,111000101000110111100100110100001111010,1920,1920
110011010100101000000101110101100101111,100001011001100111110000110001101011101,1920,1920
101111101010111101001011000100110000001,101000110000111101110001001011001101011,1918,1918
100011111011110010000100110010001010111,101011101011000100101110010111100001001,1920,1920
100101011111000111111100010000101001001,110101011001001010011011101100001100011,1918,1918
111111011101001111001000011100010001000,100100010110111001011100001010110110101,1922,1922
111111110101000000110100001110011100010,100101100101001111010001101010011011001,1916,1916
111111101100100100110001010000110111000,100110001001010111110000110100101010111,1916,1916
101111111010111001011001000110011000000,101111000011001011010011101100001101010,1916,1916
111111110101110000011000100101110000100,101100101101001011100110001010111011000,1916,1916
110101111001000110000110001101000101111,100010011010110011011010100000111110101,1920,1920
111111100110110100100000101011010001100,111010101011000011001111100010110001001,1920,1920
100000101001000010111100011001101111111,110101001110101010011000111100101100100,1922,1922
100000111100100010001100010101111101111,101001011011101010000111001101100110100,1918,1918
101100010000100011110100111111010011010,101100000101110101110010011000110100111,1916,1916
101100010001000101110000110100111101111,101100101100110011110000010111101010010,1918,1918
111000110101000000010101111011001011011,110010001011100110101100110000111100101,1912,1912
101111101110111000101101000110001001000,111000001011111001001101010010100111100,1920,1920
111011110010101000000101001110110011001,100001010110010110110010111000001110111,1914,1914
111010001110011111111000101001001000010,110101110010001101011001011110001001001,1916,1916
111100111011001000000100101011110111000,110000011110110010010110110001101010101,1924,1924
111110101110110010000110000110101001001,110101011001000011110111001000011101001,1916,1916
111110101110110010000110000110101001001,100100010100111100011101100010010101111,1916,1916
101011110111000110110111010000000100101,110100010111101000101100111000110110001,1918,1918
110101111001110000000010110101010110110,110010011001100011101110100000111100101,1918,1918
100001111000100001011000101011101111110,100110111010011001000111001111010010010,1920,1920
101010111011011101001110011101100000000,110001101111000010110110010100111100010,1918,1918
110110110000001001110000101011110010111,100110001100100111110010101000101101011,1918,1918
111111011100011101011011000010100000100,100011010110001010111100100110010011110,1918,1918
111111110110010110100011001100000110000,101101100011000101111100010010110101010,1916,1916
100101000001000110110111110101001110101,110000101110010010111001110100001100111,1918,1918
110100110100001001110001000101011111011,101111001100000111101010011101001001100,1920,1920
111101101100111010101111010000100000100,100011001011100100101100111010100001111,1916,1916
111111011001101011101101001010010000000,100111000011101011100010101100011101100,1920,1920
111010010100010000001111101110011010110,110010011000101110101100011010110000111,1914,1914
101010000110100011110110110111101001000,110011100001001110111011000001011101001,1916,1916
111011010011110001001100001000110101011,110010101100100110001111101010000100111,1926,1926
101100010100101000101101000001110111111,111001000101110110010100111001001110001,1920,1920
111111111000101101011011000010001001000,101110001100101110010010111010001110010,1916,1916
100000110010100101010000110111110111101,110100110000111101011001000111011000101,1922,1922
101011111011001110111000001100010100100,111001000111000011101101101000100101011,1918,1918
101111101110101000111110000100100010001,111101000100110110101100011100011010010,1914,1914
111111110100110001100010010010011101000,101011000010101011110001101100001011011,1918,1918
110111011111000111101000010100110000100,100011001010100101110111000100100101111,1910,1910
101111010111101001011001000110010000011,111101100100001110101010110110001100001,1914,1914
101011001000111001100000010011101011111,111101001000111001011101000111010010010,1912,1912
111111101011100001101000100011010010100,100110100010010111110100010011100011011,1920,1920
111001111011011000001001100010101010011,101100010001101011110010010101100001111,1918,1918
111010111000111110110011000100001000101,110010001010110110101100001110100100111,1920,1920
111010101110011101101100111000000010001,110010001010110110101100001110100100111,1920,1920
111110011010110001010000000111110110100,101011101001100010011110110001101000110,1918,1918
101000111011100001100000101001011011111,100100011111010011000100111010101100110,1914,1914
101110111010100001100000101101100011101,100111101000001011110101100010110010011,1920,1920
100010100111100000110001000110011111111,110100011011011010001101010010111010100,1918,1918
100000010110100100010111001111011101110,110011011100001110001010111101001001001,1914,1914
101000101001001111110011111011000000011,100101000111001110101001010010111001101,1916,1916
100010001111110010111101011010011000010,100110011000011011101110000010110101110,1920,1920
111111111000110011110010011000001010000,100111010001010110110010101101000110101,1918,1918
101100110110111111010000000011100010110,101011100011000111101000110110010101100,1918,1918
111011111110101000111001000101100010000,111101100101010010110100110110011100000,1918,1918
101010111010111110011000000001110010101,110110010011100100101100111010110000011,1916,1916
111110111011100010011010010001001010100,111111010000110001111001101010011010000,1918,1918
111010011011101111001000010001010010101,100101100001100111110010001011100010111,1920,1920
100001001101010000100110111011111100101,100101010110100011111000100011100111100,1914,1914
111001000111010111111011010001000001100,100001101101100010011110100101010100111,1916,1916
111111110101011001001110001100001000100,100001101101100010011110100101010100111,1916,1916
101000000110000100111111010100111011011,101101100111000101101000111010111000100,1920,1920
110010000011100111011011011010111100000,101110101010110001100010111101101000001,1920,1920
110001000011010111110111100100110100010,100010011100100101110011101000010101111,1918,1918
111111110011000111010100100100001010100,101100111010001001011111000011100101001,1916,1916
111101001101010000000111011000011101101,100111010111001010001101001111010011000,1920,1920
100000010110001101000011010111011111011,101011101100000111100110010110101001100,1918,1918
101110101111011110001000101000011011000,111000011001101111001000010111011010010,1924,1924
111111111010010001100110010000110100100,110010101011011100001010111000111100010,1922,1922
101100000100000111101110010110111101001,110111001010100010111100110010101100001,1918,1918
100111001110101110110010111110001000000,101001011101011010000110111001001111000,1920,1920
110111100011111101110000100010011010000,111001101110100010100110110101101010000,1914,1914
101010111110101001111001110100000010001,100101101100011101011000001111011001100,1918,1918
110000001110000110001100111101101110110,100110110000010111110100101001010101011,1918,1918
101011101010110011111110000100010000101,110110001010011111000100110110001110010,1916,1916
100001000100000111110101101001110111011,100101110011010010110011010100011111000,1914,1914
111101001110101111011000000010011010001,110001001011100011101011001000110101101,1910,1910
111101101101110011011010011100001000000,101010101001100110001111101000001110101,1924,1924
111111001011111001001000011000101010100,100000110101110011100100110001011011110,1918,1918
111100000110011001000101000110111110110,111010010100101011111000010011010111000,1918,1918
110111110011000100011000010110110000111,100101110010001010111110001010010101101,1916,1916
110000010010010100110011010101011111101,111100010011000111101100001110100101001,1912,1912
111111110011000001100010010100111101000,110101101011001000101110101100110100001,1918,1918
111011101000111101101111000110100000000,101100110110101001001110001110110100010,1920,1920
